	0	1	2	3	4	5	6	7	8	9	10	11	12	13	14	15	16	17	18	19	20	21	22	23	24	25	26	27	28	29	30	31	32	33	34	35	36	37	38	39	40	41	42	43	44	45	46	47	48	49	50	51	52	53	54	55	56	57	58	59	60	61	62	63	64	65	66	67	68	69	70	71	72	73	74	75	76	77	78	79	80	81	82	83	84	85	86	87	88	89	90	91	92	93	94	95	96	97	98	99	100	101	102	103	104	105	106	107	108	109	110	111	112	113	114	115	116	117	118	119	120	121	122	123	124	125	126	127	128	129	130	131	132	133	134	135	136	137	138	139	140	141	142	143	144	145	146	147	148	149	150	151	152	153	154	155	156	157	158	159	160	161	162	163	164	165	166	167	168	169	170	171	172	173	174	175	176	177	178	179	180	181	182	183	184	185	186	187	188	189	190	191	192	193	194	195	196	197	198	199	200	201	202	203	204	205	206	207	208	209	210	211	212	213	214	215	216	217	218	219	220	221	222	223	224	225	226	227	228	229	230	231	232	233	234	235	236	237	238	239	240	241	242	243	244	245	246	247	248	249	250	251	252	253	254	255	256	257	258	259	260	261	262	263	264	265	266	267	268	269	270	271	272	273	274	275	276	277	278	279	280	281	282	283	284	285	286	287	288	289	290	291	292	293	294	295	296	297	298	299	300	301	302	303	304	305	306	307	308	309	310	311	312	313	314	315	316	317	318	319	320	321	322	323	324	325	326	327	328	329	330	331	332	333	334	335	336	337	338	339	340	341	342	343	344	345	346	347	348	349	350	351	352	353	354	355	356	357	358	359	360	361	362	363	364	365	366	367	368	369	370	371	372	373	374	375	376	377	378	379	380	381	382	383	384	385	386	387	388	389	390	391	392	393	394	395	396	397	398	399	400	401	402	403	404	405	406	407	408	409	410	411	412	413	414	415	416	417	418	419	420	421	422	423	424	425	426	427	428	429	430	431	432	433	434	435	436	437	438	439	440	441	442	443	444	445	446	447	448	449	450	451	452	453	454	455	456	457	458	459	460	461	462	463	464	465	466	467	468	469	470	471	472	473	474	475	476	477	478	479	480	481	482	483	484	485	486	487	488	489	490	491	492	493	494
C	187.0	NaN	30.0	164.0	79.0	NaN	43.0	NaN	2.0	78.0	55.0	NaN	132.0	NaN	616.0	NaN	22.0	615.0	111.0	33.0	NaN	NaN	NaN	63.0	493.0	119.0	NaN	219.0	133.0	141.0	NaN	202.0	150.0	NaN	NaN	63.0	NaN	228.0	258.0	NaN	198.0	NaN	NaN	NaN	75.0	NaN	NaN	NaN	124.0	1.0	NaN	NaN	NaN	NaN	NaN	408.0	NaN	73.0	11.0	174.0	134.0	46.0	195.0	NaN	8.0	NaN	NaN	NaN	35.0	NaN	50.0	NaN	NaN	NaN	129.0	8.0	NaN	NaN	NaN	NaN	NaN	NaN	54.0	NaN	NaN	NaN	NaN	NaN	479.0	6.0	299.0	156.0	NaN	163.0	23.0	NaN	192.0	NaN	NaN	633.0	NaN	142.0	458.0	NaN	708.0	NaN	216.0	245.0	NaN	NaN	NaN	NaN	NaN	NaN	170.0	NaN	NaN	NaN	229.0	70.0	NaN	NaN	139.0	73.0	NaN	7.0	265.0	150.0	NaN	NaN	NaN	NaN	NaN	84.0	2.0	NaN	NaN	228.0	130.0	NaN	NaN	NaN	NaN	82.0	140.0	NaN	NaN	12.0	NaN	254.0	NaN	NaN	NaN	NaN	74.0	182.0	21.0	22.0	NaN	42.0	NaN	NaN	23.0	24.0	19.0	NaN	NaN	239.0	10.0	111.0	NaN	NaN	NaN	NaN	NaN	248.0	NaN	NaN	166.0	NaN	27.0	181.0	NaN	NaN	NaN	407.0	279.0	NaN	NaN	NaN	342.0	NaN	14.0	NaN	NaN	18.0	NaN	NaN	NaN	NaN	NaN	279.0	97.0	275.0	22.0	1.0	NaN	NaN	NaN	4.0	25.0	94.0	NaN	110.0	251.0	NaN	347.0	79.0	NaN	NaN	NaN	39.0	NaN	NaN	NaN	NaN	55.0	22.0	75.0	NaN	NaN	NaN	217.0	111.0	68.0	NaN	NaN	NaN	NaN	28.0	NaN	NaN	76.0	139.0	78.0	167.0	NaN	49.0	33.0	129.0	15.0	NaN	10.0	196.0	387.0	NaN	89.0	NaN	37.0	22.0	NaN	123.0	1.0	NaN	9.0	29.0	180.0	NaN	50.0	379.0	24.0	NaN	NaN	68.0	NaN	NaN	NaN	238.0	NaN	NaN	112.0	40.0	NaN	NaN	56.0	NaN	NaN	8.0	NaN	NaN	NaN	NaN	NaN	33.0	124.0	NaN	NaN	NaN	NaN	NaN	524.0	29.0	NaN	NaN	NaN	3.0	37.0	123.0	169.0	90.0	205.0	168.0	NaN	208.0	25.0	NaN	NaN	NaN	116.0	NaN	5.0	324.0	1.0	79.0	23.0	NaN	22.0	56.0	NaN	8.0	NaN	NaN	NaN	NaN	NaN	164.0	7.0	259.0	NaN	NaN	10.0	7.0	NaN	NaN	NaN	392.0	NaN	NaN	572.0	20.0	14.0	23.0	NaN	NaN	NaN	NaN	NaN	22.0	NaN	NaN	NaN	NaN	NaN	NaN	22.0	NaN	39.0	NaN	NaN	NaN	195.0	NaN	43.0	NaN	12.0	199.0	NaN	NaN	NaN	246.0	NaN	NaN	21.0	56.0	NaN	NaN	NaN	613.0	NaN	NaN	NaN	NaN	NaN	138.0	316.0	NaN	NaN	NaN	NaN	114.0	748.0	NaN	NaN	NaN	188.0	NaN	447.0	249.0	NaN	NaN	503.0	52.0	NaN	24.0	40.0	88.0	NaN	24.0	79.0	71.0	NaN	NaN	65.0	NaN	199.0	459.0	NaN	379.0	142.0	NaN	58.0	NaN	104.0	155.0	273.0	28.0	1007.0	NaN	NaN	536.0	233.0	NaN	67.0	1.0	645.0	NaN	NaN	35.0	NaN	NaN	NaN	NaN	123.0	372.0	NaN	216.0	NaN	48.0	NaN	NaN	NaN	NaN	NaN	NaN	425.0	1.0	670.0	NaN	NaN	163.0	1.0	80.0	NaN	NaN	135.0	222.0	NaN	112.0	NaN	49.0	NaN	NaN	NaN	NaN	NaN	NaN	118.0	NaN	246.0	23.0	185.0	NaN	93.0	NaN	1.0
T	NaN	161.0	162.0	36.0	139.0	553.0	112.0	21.0	152.0	211.0	18.0	68.0	197.0	38.0	16.0	146.0	55.0	22.0	14.0	128.0	88.0	254.0	146.0	853.0	7.0	15.0	252.0	33.0	249.0	271.0	1507.0	38.0	207.0	92.0	256.0	941.0	133.0	347.0	37.0	81.0	247.0	78.0	314.0	293.0	229.0	84.0	128.0	54.0	245.0	27.0	167.0	154.0	135.0	255.0	269.0	160.0	308.0	35.0	37.0	69.0	21.0	57.0	145.0	59.0	9.0	23.0	40.0	25.0	162.0	400.0	307.0	115.0	172.0	539.0	130.0	962.0	266.0	861.0	63.0	953.0	762.0	93.0	201.0	22.0	661.0	60.0	435.0	57.0	81.0	298.0	13.0	113.0	176.0	118.0	652.0	486.0	349.0	57.0	253.0	151.0	846.0	1240.0	78.0	373.0	250.0	16.0	177.0	330.0	284.0	196.0	68.0	9.0	27.0	4.0	42.0	98.0	550.0	120.0	60.0	156.0	28.0	343.0	104.0	81.0	160.0	135.0	4.0	63.0	96.0	231.0	205.0	1.0	118.0	16.0	203.0	92.0	474.0	NaN	1.0	155.0	4.0	38.0	311.0	29.0	24.0	272.0	106.0	49.0	119.0	2.0	184.0	75.0	110.0	42.0	174.0	626.0	30.0	64.0	30.0	111.0	73.0	151.0	88.0	351.0	35.0	15.0	411.0	51.0	90.0	17.0	7.0	52.0	45.0	245.0	577.0	29.0	71.0	785.0	374.0	366.0	14.0	103.0	826.0	131.0	378.0	30.0	97.0	33.0	345.0	231.0	24.0	313.0	53.0	217.0	229.0	398.0	152.0	243.0	514.0	23.0	5.0	157.0	138.0	1.0	265.0	200.0	90.0	121.0	29.0	352.0	259.0	126.0	58.0	129.0	4.0	36.0	10.0	4.0	115.0	84.0	188.0	217.0	40.0	308.0	161.0	148.0	159.0	19.0	74.0	7.0	17.0	466.0	14.0	19.0	66.0	181.0	180.0	136.0	109.0	144.0	244.0	796.0	11.0	7.0	12.0	9.0	164.0	23.0	478.0	25.0	106.0	165.0	533.0	57.0	22.0	233.0	317.0	412.0	323.0	410.0	165.0	52.0	164.0	158.0	3.0	184.0	161.0	89.0	501.0	32.0	100.0	88.0	286.0	61.0	52.0	223.0	6.0	26.0	40.0	221.0	120.0	30.0	269.0	63.0	32.0	47.0	241.0	336.0	31.0	99.0	205.0	16.0	28.0	497.0	260.0	222.0	567.0	299.0	909.0	111.0	92.0	273.0	171.0	354.0	453.0	55.0	217.0	41.0	654.0	535.0	5.0	21.0	1.0	4.0	135.0	87.0	110.0	16.0	105.0	588.0	458.0	19.0	32.0	7.0	120.0	63.0	160.0	85.0	256.0	213.0	21.0	68.0	9.0	670.0	165.0	65.0	387.0	11.0	290.0	56.0	167.0	166.0	11.0	712.0	40.0	16.0	256.0	172.0	2.0	8.0	297.0	429.0	102.0	596.0	199.0	15.0	118.0	10.0	5.0	81.0	5.0	101.0	4.0	1067.0	169.0	249.0	138.0	210.0	309.0	16.0	38.0	233.0	4.0	235.0	323.0	1.0	80.0	1725.0	343.0	6.0	485.0	24.0	243.0	493.0	8.0	41.0	6.0	9.0	50.0	530.0	15.0	37.0	230.0	18.0	37.0	230.0	847.0	299.0	686.0	56.0	43.0	841.0	1497.0	215.0	143.0	356.0	167.0	19.0	66.0	125.0	29.0	11.0	206.0	285.0	824.0	20.0	35.0	102.0	197.0	15.0	138.0	44.0	73.0	66.0	33.0	1.0	43.0	459.0	NaN	749.0	89.0	196.0	172.0	1.0	51.0	77.0	14.0	230.0	352.0	218.0	40.0	313.0	208.0	79.0	27.0	307.0	118.0	190.0	165.0	175.0	291.0	17.0	24.0	79.0	297.0	71.0	64.0	519.0	113.0	275.0	45.0	1.0	31.0	141.0	34.0	188.0	37.0	45.0	141.0	365.0	256.0	99.0	52.0	378.0	34.0	86.0	578.0	211.0	398.0	20.0	530.0	105.0	213.0	210.0	282.0	465.0	33.0	449.0	666.0	156.0	51.0	58.0	193.0	NaN	166.0
S	12.0	72.0	102.0	192.0	585.0	101.0	124.0	210.0	500.0	602.0	124.0	380.0	119.0	150.0	200.0	231.0	76.0	456.0	90.0	358.0	544.0	117.0	277.0	223.0	268.0	220.0	107.0	185.0	172.0	150.0	136.0	297.0	475.0	185.0	75.0	447.0	80.0	343.0	650.0	46.0	105.0	178.0	479.0	176.0	122.0	94.0	34.0	36.0	256.0	317.0	80.0	98.0	165.0	373.0	74.0	436.0	333.0	129.0	15.0	218.0	264.0	226.0	147.0	111.0	31.0	152.0	26.0	74.0	209.0	239.0	226.0	54.0	231.0	132.0	231.0	68.0	268.0	87.0	95.0	120.0	331.0	584.0	232.0	26.0	108.0	74.0	141.0	15.0	292.0	102.0	157.0	273.0	722.0	91.0	261.0	575.0	444.0	276.0	8.0	217.0	1647.0	1040.0	541.0	207.0	790.0	179.0	107.0	751.0	319.0	6.0	6.0	38.0	14.0	10.0	470.0	387.0	74.0	553.0	237.0	123.0	142.0	99.0	101.0	114.0	26.0	135.0	51.0	543.0	378.0	40.0	189.0	52.0	96.0	95.0	236.0	445.0	225.0	191.0	11.0	9.0	7.0	162.0	60.0	165.0	171.0	59.0	9.0	17.0	336.0	82.0	19.0	10.0	12.0	37.0	438.0	152.0	40.0	97.0	91.0	142.0	39.0	55.0	82.0	143.0	93.0	236.0	157.0	77.0	403.0	85.0	266.0	34.0	645.0	186.0	60.0	309.0	92.0	54.0	127.0	256.0	94.0	164.0	214.0	29.0	152.0	193.0	50.0	4.0	53.0	46.0	179.0	149.0	136.0	115.0	26.0	210.0	441.0	52.0	144.0	42.0	245.0	242.0	689.0	168.0	410.0	467.0	336.0	141.0	44.0	83.0	78.0	130.0	52.0	131.0	29.0	9.0	195.0	45.0	15.0	463.0	11.0	177.0	153.0	22.0	128.0	71.0	201.0	74.0	193.0	4.0	94.0	67.0	170.0	73.0	65.0	6.0	15.0	265.0	1.0	103.0	150.0	46.0	117.0	236.0	101.0	74.0	336.0	91.0	205.0	120.0	440.0	534.0	162.0	46.0	256.0	264.0	195.0	28.0	273.0	381.0	305.0	970.0	383.0	40.0	32.0	176.0	185.0	43.0	100.0	71.0	204.0	113.0	47.0	177.0	25.0	174.0	17.0	179.0	42.0	65.0	191.0	49.0	22.0	292.0	109.0	34.0	17.0	260.0	56.0	107.0	361.0	40.0	55.0	554.0	123.0	20.0	178.0	47.0	371.0	135.0	82.0	757.0	221.0	72.0	64.0	222.0	767.0	152.0	355.0	202.0	386.0	100.0	2.0	170.0	66.0	480.0	228.0	18.0	122.0	295.0	255.0	372.0	338.0	21.0	166.0	237.0	38.0	254.0	161.0	180.0	426.0	515.0	87.0	184.0	223.0	170.0	207.0	75.0	5.0	13.0	455.0	80.0	14.0	205.0	1156.0	160.0	61.0	293.0	854.0	59.0	128.0	61.0	638.0	61.0	72.0	101.0	35.0	86.0	53.0	224.0	24.0	203.0	141.0	116.0	61.0	95.0	186.0	45.0	105.0	120.0	508.0	70.0	35.0	38.0	257.0	21.0	84.0	74.0	78.0	72.0	146.0	29.0	193.0	180.0	71.0	579.0	NaN	1841.0	28.0	89.0	269.0	194.0	1.0	195.0	185.0	91.0	7.0	154.0	256.0	238.0	201.0	202.0	362.0	91.0	231.0	14.0	729.0	86.0	96.0	58.0	165.0	123.0	67.0	242.0	228.0	183.0	204.0	149.0	285.0	85.0	61.0	457.0	95.0	36.0	85.0	31.0	1.0	1221.0	64.0	136.0	341.0	332.0	141.0	120.0	136.0	162.0	30.0	101.0	58.0	794.0	152.0	211.0	276.0	13.0	672.0	198.0	66.0	103.0	151.0	42.0	169.0	162.0	89.0	1036.0	61.0	469.0	36.0	855.0	111.0	48.0	42.0	165.0	35.0	62.0	61.0	5.0	484.0	31.0	23.0	757.0	144.0	126.0	26.0	478.0	279.0	232.0	208.0	289.0	218.0	28.0	241.0	69.0	195.0	107.0	49.0	89.0	122.0	131.0	631.0	129.0	1305.0	61.0	200.0	NaN	58.0
Y	1.0	NaN	88.0	72.0	322.0	NaN	113.0	NaN	1.0	NaN	NaN	NaN	149.0	NaN	NaN	NaN	NaN	NaN	NaN	NaN	NaN	NaN	NaN	NaN	NaN	93.0	NaN	42.0	NaN	NaN	1.0	131.0	NaN	2.0	NaN	NaN	NaN	74.0	37.0	NaN	NaN	NaN	NaN	NaN	NaN	NaN	NaN	NaN	NaN	1.0	1.0	1.0	NaN	NaN	NaN	NaN	NaN	NaN	86.0	399.0	308.0	95.0	NaN	327.0	NaN	366.0	NaN	NaN	NaN	NaN	NaN	NaN	NaN	NaN	1.0	NaN	NaN	NaN	NaN	NaN	NaN	1.0	NaN	NaN	NaN	NaN	NaN	NaN	NaN	1.0	73.0	NaN	118.0	NaN	65.0	NaN	57.0	1.0	NaN	48.0	NaN	124.0	NaN	NaN	NaN	339.0	NaN	189.0	NaN	NaN	NaN	NaN	NaN	NaN	53.0	NaN	NaN	NaN	NaN	NaN	NaN	NaN	NaN	NaN	NaN	NaN	NaN	220.0	NaN	NaN	NaN	NaN	NaN	NaN	NaN	NaN	NaN	51.0	NaN	NaN	NaN	1.0	NaN	44.0	34.0	NaN	NaN	86.0	NaN	131.0	NaN	NaN	NaN	NaN	190.0	NaN	NaN	87.0	224.0	1.0	1.0	NaN	NaN	45.0	NaN	NaN	NaN	NaN	NaN	NaN	558.0	NaN	NaN	NaN	NaN	128.0	NaN	NaN	NaN	NaN	95.0	NaN	NaN	NaN	NaN	94.0	NaN	NaN	NaN	NaN	NaN	NaN	48.0	NaN	NaN	NaN	NaN	NaN	NaN	NaN	521.0	NaN	NaN	62.0	NaN	NaN	NaN	NaN	NaN	NaN	NaN	NaN	NaN	45.0	NaN	NaN	NaN	NaN	NaN	NaN	2.0	NaN	NaN	1.0	NaN	NaN	25.0	117.0	NaN	NaN	NaN	NaN	4.0	175.0	NaN	NaN	NaN	NaN	NaN	41.0	NaN	NaN	71.0	NaN	106.0	371.0	NaN	113.0	NaN	NaN	NaN	NaN	NaN	1.0	NaN	NaN	NaN	2.0	76.0	NaN	NaN	NaN	NaN	NaN	NaN	NaN	215.0	NaN	NaN	NaN	1.0	231.0	NaN	NaN	NaN	NaN	NaN	42.0	NaN	NaN	NaN	NaN	NaN	1.0	NaN	NaN	2.0	NaN	NaN	NaN	NaN	NaN	NaN	NaN	1.0	NaN	NaN	NaN	NaN	NaN	NaN	NaN	NaN	NaN	NaN	NaN	2.0	NaN	NaN	150.0	NaN	221.0	NaN	38.0	NaN	NaN	NaN	3.0	NaN	NaN	NaN	NaN	NaN	NaN	39.0	NaN	135.0	NaN	NaN	NaN	1.0	NaN	NaN	NaN	NaN	10.0	47.0	NaN	NaN	NaN	NaN	NaN	NaN	NaN	NaN	262.0	NaN	NaN	126.0	NaN	NaN	NaN	NaN	NaN	NaN	1.0	NaN	138.0	NaN	NaN	NaN	NaN	NaN	NaN	NaN	NaN	24.0	NaN	NaN	112.0	34.0	NaN	NaN	NaN	NaN	68.0	676.0	NaN	NaN	NaN	NaN	NaN	NaN	NaN	NaN	NaN	NaN	NaN	NaN	NaN	NaN	NaN	NaN	80.0	NaN	NaN	NaN	NaN	NaN	NaN	146.0	NaN	NaN	NaN	NaN	NaN	NaN	NaN	NaN	NaN	NaN	NaN	NaN	1.0	NaN	NaN	NaN	NaN	NaN	NaN	NaN	1.0	NaN	NaN	NaN	NaN	NaN	NaN	NaN	NaN	NaN	NaN	NaN	290.0	NaN	153.0	NaN	NaN	NaN	NaN	NaN	NaN	51.0	NaN	27.0	NaN	NaN	NaN	NaN	1.0	NaN	NaN	179.0	NaN	2.0	NaN	NaN	44.0	NaN	NaN	NaN	NaN	NaN	NaN	NaN	NaN	NaN	NaN	NaN	2.0	NaN	169.0	NaN	NaN	36.0	NaN	2.0	108.0	NaN	65.0	NaN	NaN	NaN	NaN	NaN	NaN	NaN	NaN	NaN	NaN	216.0	NaN	NaN	NaN	NaN
Q	NaN	NaN	2.0	NaN	NaN	414.0	NaN	NaN	NaN	NaN	NaN	NaN	NaN	50.0	NaN	NaN	NaN	NaN	NaN	NaN	NaN	354.0	NaN	NaN	NaN	NaN	20.0	NaN	NaN	NaN	38.0	582.0	NaN	NaN	1.0	NaN	180.0	NaN	NaN	NaN	NaN	41.0	377.0	317.0	NaN	NaN	NaN	37.0	NaN	NaN	38.0	26.0	NaN	NaN	70.0	NaN	NaN	NaN	292.0	NaN	NaN	364.0	NaN	111.0	NaN	119.0	NaN	53.0	NaN	NaN	2.0	NaN	NaN	NaN	NaN	NaN	NaN	NaN	234.0	NaN	NaN	NaN	NaN	33.0	NaN	395.0	293.0	1.0	NaN	NaN	NaN	NaN	119.0	1.0	2.0	467.0	NaN	NaN	1.0	NaN	132.0	NaN	NaN	NaN	NaN	123.0	NaN	NaN	NaN	15.0	67.0	138.0	48.0	NaN	NaN	NaN	NaN	NaN	NaN	NaN	NaN	413.0	NaN	NaN	35.0	1.0	NaN	NaN	NaN	NaN	287.0	115.0	401.0	NaN	NaN	NaN	NaN	NaN	NaN	NaN	22.0	NaN	NaN	NaN	NaN	NaN	NaN	287.0	NaN	147.0	37.0	252.0	24.0	96.0	NaN	NaN	NaN	NaN	120.0	NaN	20.0	406.0	NaN	NaN	NaN	NaN	NaN	NaN	NaN	NaN	138.0	219.0	NaN	348.0	NaN	NaN	NaN	NaN	NaN	NaN	208.0	NaN	NaN	NaN	512.0	NaN	NaN	113.0	NaN	21.0	NaN	300.0	178.0	2.0	NaN	NaN	NaN	NaN	NaN	178.0	80.0	NaN	NaN	NaN	NaN	NaN	NaN	338.0	NaN	NaN	NaN	NaN	264.0	NaN	NaN	38.0	NaN	NaN	1.0	NaN	41.0	NaN	NaN	84.0	335.0	NaN	NaN	153.0	NaN	271.0	NaN	NaN	2.0	NaN	NaN	120.0	20.0	257.0	24.0	NaN	NaN	NaN	NaN	NaN	NaN	NaN	NaN	179.0	NaN	NaN	NaN	NaN	NaN	NaN	NaN	NaN	NaN	47.0	NaN	NaN	NaN	NaN	NaN	NaN	NaN	NaN	NaN	151.0	1.0	NaN	NaN	119.0	126.0	NaN	34.0	388.0	NaN	NaN	24.0	NaN	NaN	NaN	NaN	NaN	NaN	103.0	59.0	1.0	NaN	NaN	315.0	29.0	NaN	NaN	NaN	NaN	NaN	NaN	NaN	NaN	NaN	NaN	NaN	NaN	276.0	NaN	NaN	NaN	NaN	NaN	NaN	NaN	186.0	NaN	NaN	NaN	NaN	22.0	NaN	NaN	NaN	NaN	NaN	2.0	NaN	NaN	1003.0	NaN	NaN	NaN	NaN	NaN	1.0	324.0	NaN	NaN	NaN	NaN	50.0	1.0	NaN	NaN	NaN	NaN	NaN	NaN	NaN	431.0	NaN	NaN	NaN	1.0	NaN	NaN	NaN	NaN	1.0	124.0	35.0	NaN	NaN	NaN	NaN	NaN	1.0	NaN	NaN	113.0	345.0	96.0	NaN	500.0	NaN	53.0	NaN	148.0	104.0	NaN	148.0	NaN	33.0	195.0	NaN	NaN	189.0	NaN	NaN	NaN	NaN	340.0	NaN	NaN	NaN	NaN	NaN	NaN	186.0	511.0	383.0	NaN	NaN	NaN	NaN	372.0	NaN	35.0	NaN	NaN	146.0	NaN	NaN	NaN	NaN	NaN	NaN	NaN	NaN	NaN	NaN	NaN	NaN	NaN	NaN	99.0	NaN	NaN	NaN	NaN	NaN	NaN	NaN	NaN	NaN	NaN	NaN	423.0	NaN	NaN	NaN	NaN	NaN	NaN	NaN	255.0	NaN	334.0	27.0	NaN	255.0	17.0	NaN	NaN	577.0	NaN	24.0	NaN	286.0	NaN	NaN	NaN	13.0	NaN	21.0	NaN	NaN	NaN	NaN	79.0	NaN	NaN	396.0	162.0	162.0	2.0	NaN	NaN	34.0	353.0	512.0	211.0	NaN	40.0	459.0	288.0	2.0	NaN	NaN	NaN	NaN	NaN	NaN	NaN	NaN	34.0	NaN
N	NaN	NaN	69.0	NaN	NaN	NaN	1.0	NaN	NaN	NaN	NaN	NaN	1.0	1.0	NaN	NaN	NaN	NaN	NaN	NaN	NaN	NaN	2.0	94.0	NaN	NaN	111.0	2.0	55.0	139.0	290.0	91.0	NaN	NaN	NaN	132.0	NaN	320.0	NaN	NaN	26.0	NaN	NaN	NaN	38.0	NaN	NaN	NaN	1.0	NaN	53.0	75.0	NaN	NaN	929.0	NaN	NaN	NaN	526.0	132.0	NaN	291.0	80.0	NaN	NaN	NaN	NaN	NaN	28.0	NaN	NaN	NaN	NaN	1.0	NaN	140.0	NaN	NaN	NaN	NaN	NaN	NaN	81.0	NaN	NaN	NaN	NaN	NaN	NaN	1.0	NaN	63.0	NaN	NaN	459.0	NaN	NaN	NaN	NaN	NaN	NaN	125.0	NaN	NaN	1.0	NaN	NaN	NaN	NaN	89.0	148.0	1.0	NaN	NaN	1.0	NaN	NaN	NaN	NaN	31.0	NaN	NaN	55.0	216.0	184.0	NaN	NaN	NaN	NaN	NaN	NaN	NaN	NaN	NaN	28.0	NaN	NaN	NaN	NaN	NaN	NaN	NaN	NaN	NaN	NaN	1.0	NaN	92.0	NaN	286.0	154.0	135.0	272.0	NaN	NaN	87.0	NaN	65.0	NaN	60.0	120.0	NaN	NaN	117.0	NaN	NaN	NaN	NaN	NaN	NaN	NaN	NaN	NaN	NaN	NaN	NaN	NaN	NaN	NaN	NaN	123.0	68.0	NaN	NaN	NaN	NaN	NaN	NaN	NaN	752.0	NaN	NaN	267.0	NaN	10.0	77.0	NaN	NaN	NaN	NaN	NaN	115.0	90.0	NaN	NaN	NaN	NaN	NaN	NaN	101.0	94.0	45.0	NaN	212.0	NaN	NaN	NaN	NaN	NaN	NaN	238.0	63.0	NaN	268.0	NaN	NaN	52.0	333.0	53.0	NaN	NaN	NaN	NaN	NaN	NaN	124.0	647.0	NaN	127.0	154.0	NaN	66.0	NaN	NaN	NaN	32.0	NaN	315.0	NaN	NaN	NaN	NaN	145.0	NaN	NaN	NaN	322.0	274.0	16.0	NaN	NaN	NaN	NaN	NaN	NaN	107.0	43.0	NaN	NaN	NaN	18.0	NaN	NaN	NaN	NaN	NaN	NaN	NaN	NaN	NaN	1.0	NaN	NaN	NaN	NaN	NaN	491.0	NaN	NaN	NaN	NaN	NaN	NaN	1.0	52.0	NaN	NaN	NaN	NaN	NaN	NaN	NaN	NaN	NaN	100.0	NaN	NaN	NaN	NaN	NaN	NaN	NaN	NaN	NaN	31.0	NaN	NaN	NaN	NaN	NaN	87.0	NaN	NaN	NaN	159.0	NaN	255.0	136.0	NaN	162.0	NaN	NaN	NaN	NaN	NaN	505.0	70.0	NaN	118.0	NaN	NaN	35.0	NaN	NaN	NaN	NaN	NaN	NaN	NaN	NaN	NaN	NaN	NaN	NaN	NaN	NaN	NaN	139.0	NaN	NaN	NaN	NaN	NaN	NaN	NaN	NaN	44.0	618.0	NaN	NaN	NaN	NaN	NaN	218.0	NaN	161.0	NaN	NaN	NaN	NaN	205.0	NaN	NaN	61.0	NaN	NaN	NaN	NaN	NaN	NaN	NaN	NaN	NaN	2.0	NaN	NaN	NaN	NaN	NaN	NaN	NaN	NaN	1.0	NaN	80.0	230.0	51.0	NaN	NaN	1.0	NaN	NaN	NaN	123.0	73.0	NaN	NaN	36.0	76.0	NaN	NaN	NaN	265.0	NaN	NaN	NaN	NaN	NaN	NaN	NaN	140.0	NaN	48.0	NaN	NaN	347.0	NaN	1.0	NaN	NaN	NaN	NaN	273.0	NaN	NaN	NaN	NaN	54.0	NaN	261.0	NaN	NaN	260.0	1.0	305.0	NaN	NaN	113.0	NaN	NaN	NaN	NaN	NaN	NaN	NaN	NaN	NaN	NaN	NaN	NaN	NaN	431.0	NaN	NaN	NaN	268.0	105.0	116.0	NaN	252.0	NaN	NaN	NaN	NaN	NaN	NaN	NaN	NaN	188.0	NaN	NaN	NaN	57.0	NaN	124.0
K	NaN	247.0	431.0	NaN	NaN	NaN	NaN	1.0	2.0	NaN	1.0	NaN	NaN	NaN	NaN	NaN	NaN	NaN	NaN	NaN	99.0	NaN	64.0	NaN	NaN	NaN	43.0	NaN	1.0	NaN	497.0	NaN	NaN	NaN	NaN	1.0	1.0	620.0	NaN	NaN	NaN	1.0	1.0	NaN	NaN	NaN	41.0	NaN	NaN	3.0	106.0	54.0	NaN	84.0	158.0	NaN	NaN	NaN	NaN	1.0	NaN	NaN	NaN	58.0	NaN	48.0	NaN	201.0	NaN	135.0	NaN	76.0	NaN	169.0	NaN	NaN	NaN	165.0	NaN	140.0	NaN	1.0	NaN	NaN	89.0	NaN	NaN	NaN	NaN	NaN	NaN	NaN	66.0	NaN	462.0	1.0	NaN	2.0	14.0	NaN	NaN	150.0	NaN	NaN	NaN	34.0	NaN	NaN	73.0	85.0	83.0	120.0	133.0	NaN	NaN	92.0	204.0	NaN	NaN	NaN	82.0	NaN	NaN	NaN	76.0	NaN	NaN	NaN	NaN	57.0	NaN	NaN	NaN	NaN	1.0	NaN	184.0	NaN	NaN	44.0	NaN	1.0	199.0	NaN	NaN	NaN	47.0	NaN	37.0	NaN	67.0	25.0	181.0	NaN	NaN	NaN	NaN	128.0	46.0	NaN	63.0	NaN	NaN	128.0	NaN	NaN	96.0	NaN	NaN	NaN	52.0	NaN	NaN	NaN	206.0	NaN	51.0	873.0	NaN	1.0	NaN	NaN	193.0	49.0	NaN	NaN	NaN	NaN	161.0	107.0	NaN	NaN	1.0	NaN	40.0	NaN	NaN	23.0	78.0	NaN	34.0	NaN	NaN	NaN	NaN	85.0	NaN	NaN	NaN	NaN	1.0	NaN	NaN	133.0	NaN	NaN	NaN	NaN	39.0	NaN	109.0	NaN	1.0	110.0	NaN	139.0	106.0	NaN	NaN	NaN	1.0	94.0	NaN	NaN	NaN	57.0	66.0	NaN	59.0	132.0	NaN	NaN	NaN	NaN	NaN	NaN	59.0	NaN	NaN	NaN	NaN	210.0	NaN	NaN	NaN	NaN	NaN	75.0	NaN	NaN	122.0	NaN	56.0	24.0	NaN	NaN	NaN	NaN	NaN	NaN	NaN	39.0	NaN	NaN	NaN	NaN	NaN	NaN	1.0	101.0	NaN	NaN	35.0	NaN	NaN	NaN	143.0	NaN	NaN	NaN	NaN	NaN	NaN	NaN	NaN	35.0	200.0	21.0	NaN	30.0	NaN	NaN	78.0	127.0	41.0	NaN	NaN	NaN	NaN	NaN	NaN	NaN	NaN	NaN	NaN	117.0	NaN	60.0	NaN	NaN	NaN	NaN	56.0	NaN	656.0	67.0	NaN	NaN	94.0	NaN	1.0	NaN	NaN	3.0	NaN	NaN	101.0	NaN	90.0	NaN	NaN	NaN	NaN	NaN	NaN	NaN	34.0	NaN	NaN	NaN	NaN	NaN	NaN	64.0	73.0	1.0	57.0	1.0	NaN	NaN	NaN	NaN	NaN	74.0	NaN	97.0	125.0	60.0	NaN	88.0	NaN	NaN	NaN	100.0	NaN	NaN	63.0	118.0	NaN	NaN	104.0	NaN	NaN	NaN	NaN	NaN	NaN	NaN	NaN	1.0	NaN	NaN	28.0	NaN	NaN	51.0	2.0	NaN	NaN	NaN	NaN	84.0	95.0	NaN	NaN	81.0	NaN	NaN	NaN	42.0	NaN	NaN	14.0	NaN	NaN	NaN	NaN	NaN	NaN	NaN	30.0	NaN	NaN	296.0	NaN	NaN	NaN	NaN	NaN	184.0	NaN	81.0	NaN	NaN	NaN	NaN	NaN	111.0	56.0	NaN	NaN	NaN	395.0	NaN	NaN	NaN	NaN	1.0	NaN	152.0	80.0	NaN	NaN	NaN	236.0	NaN	NaN	297.0	76.0	51.0	NaN	NaN	NaN	28.0	NaN	27.0	NaN	1.0	25.0	NaN	6.0	NaN	284.0	2.0	NaN	NaN	92.0	NaN	2.0	NaN	NaN	NaN	NaN	NaN	NaN	134.0	NaN	16.0	NaN	NaN	NaN	NaN	NaN	209.0	1.0
R	154.0	163.0	25.0	122.0	149.0	69.0	1.0	25.0	45.0	37.0	1034.0	6.0	12.0	169.0	114.0	15.0	42.0	602.0	246.0	38.0	467.0	346.0	170.0	150.0	299.0	157.0	216.0	95.0	57.0	266.0	247.0	145.0	63.0	72.0	75.0	122.0	1554.0	96.0	284.0	114.0	469.0	223.0	308.0	276.0	57.0	67.0	129.0	230.0	108.0	56.0	276.0	296.0	112.0	253.0	372.0	738.0	38.0	47.0	181.0	70.0	177.0	182.0	325.0	42.0	11.0	45.0	27.0	416.0	11.0	84.0	90.0	103.0	111.0	277.0	16.0	5.0	62.0	138.0	970.0	225.0	187.0	51.0	61.0	192.0	90.0	579.0	294.0	220.0	2322.0	202.0	337.0	274.0	147.0	181.0	97.0	321.0	162.0	75.0	293.0	162.0	966.0	74.0	150.0	631.0	232.0	167.0	1073.0	219.0	190.0	233.0	508.0	332.0	298.0	122.0	6.0	321.0	33.0	101.0	183.0	29.0	175.0	34.0	5.0	168.0	115.0	56.0	316.0	5.0	15.0	81.0	154.0	397.0	62.0	107.0	1.0	21.0	147.0	267.0	162.0	90.0	106.0	51.0	154.0	12.0	1.0	84.0	129.0	103.0	330.0	189.0	123.0	236.0	216.0	472.0	9.0	34.0	14.0	3.0	30.0	38.0	118.0	33.0	53.0	12.0	5.0	20.0	146.0	167.0	14.0	325.0	113.0	486.0	95.0	63.0	92.0	129.0	154.0	60.0	66.0	21.0	142.0	176.0	52.0	258.0	39.0	120.0	147.0	491.0	94.0	382.0	494.0	148.0	137.0	54.0	464.0	18.0	6.0	292.0	218.0	447.0	150.0	588.0	528.0	131.0	10.0	212.0	56.0	58.0	211.0	1.0	NaN	10.0	908.0	14.0	136.0	95.0	431.0	526.0	132.0	66.0	177.0	32.0	9.0	92.0	102.0	130.0	27.0	134.0	503.0	601.0	39.0	171.0	600.0	91.0	238.0	148.0	164.0	40.0	163.0	8.0	1.0	5.0	248.0	361.0	125.0	14.0	412.0	84.0	9.0	265.0	11.0	342.0	29.0	303.0	454.0	44.0	220.0	225.0	NaN	45.0	202.0	537.0	152.0	290.0	17.0	17.0	7.0	665.0	63.0	216.0	45.0	154.0	710.0	216.0	230.0	219.0	272.0	53.0	35.0	79.0	168.0	205.0	266.0	99.0	35.0	602.0	179.0	49.0	542.0	76.0	393.0	216.0	327.0	126.0	255.0	141.0	111.0	476.0	169.0	237.0	235.0	107.0	285.0	467.0	711.0	72.0	81.0	443.0	20.0	1.0	418.0	125.0	471.0	18.0	21.0	418.0	112.0	49.0	157.0	44.0	11.0	370.0	264.0	232.0	37.0	301.0	148.0	267.0	40.0	5.0	NaN	35.0	61.0	110.0	68.0	165.0	9.0	259.0	152.0	36.0	26.0	3.0	20.0	6.0	27.0	150.0	98.0	47.0	141.0	30.0	18.0	41.0	17.0	169.0	51.0	33.0	59.0	166.0	248.0	9.0	30.0	169.0	7.0	224.0	128.0	44.0	60.0	135.0	45.0	124.0	6.0	40.0	130.0	111.0	1.0	173.0	5.0	475.0	998.0	118.0	371.0	688.0	4.0	244.0	1108.0	61.0	3.0	1014.0	21.0	385.0	82.0	366.0	881.0	171.0	276.0	247.0	591.0	196.0	155.0	514.0	121.0	767.0	296.0	270.0	448.0	399.0	619.0	248.0	880.0	27.0	467.0	10.0	50.0	13.0	3.0	296.0	78.0	69.0	606.0	253.0	191.0	164.0	152.0	277.0	126.0	242.0	43.0	663.0	183.0	300.0	547.0	142.0	76.0	137.0	228.0	308.0	320.0	124.0	347.0	595.0	240.0	556.0	36.0	1129.0	115.0	131.0	177.0	21.0	928.0	321.0	602.0	67.0	144.0	322.0	333.0	503.0	839.0	17.0	252.0	179.0	119.0	14.0	129.0	164.0	84.0	198.0	338.0	143.0	466.0	331.0	1771.0	140.0	297.0	87.0	40.0	296.0	475.0	153.0	224.0	114.0	43.0	151.0	134.0	108.0	147.0	107.0	64.0	441.0	31.0	172.0	22.0	33.0	41.0	NaN	NaN
H	NaN	NaN	43.0	NaN	NaN	NaN	NaN	NaN	NaN	NaN	NaN	NaN	NaN	1.0	NaN	NaN	1.0	160.0	NaN	NaN	NaN	NaN	NaN	NaN	NaN	NaN	NaN	NaN	NaN	NaN	NaN	314.0	NaN	NaN	NaN	NaN	NaN	32.0	NaN	NaN	NaN	NaN	NaN	NaN	NaN	NaN	NaN	NaN	345.0	NaN	NaN	NaN	NaN	NaN	NaN	151.0	NaN	1.0	107.0	154.0	NaN	123.0	NaN	NaN	NaN	NaN	NaN	167.0	NaN	NaN	315.0	NaN	NaN	NaN	NaN	NaN	NaN	NaN	NaN	NaN	NaN	NaN	NaN	NaN	NaN	NaN	NaN	NaN	240.0	584.0	NaN	NaN	NaN	60.0	49.0	2.0	NaN	NaN	NaN	NaN	NaN	131.0	NaN	NaN	265.0	NaN	143.0	NaN	NaN	1.0	NaN	196.0	750.0	NaN	NaN	NaN	NaN	NaN	194.0	NaN	NaN	NaN	NaN	NaN	1.0	527.0	NaN	NaN	NaN	NaN	NaN	NaN	1.0	32.0	NaN	NaN	NaN	1.0	NaN	NaN	NaN	NaN	NaN	NaN	NaN	438.0	NaN	196.0	NaN	70.0	1.0	NaN	NaN	NaN	NaN	NaN	1.0	44.0	NaN	NaN	NaN	NaN	397.0	138.0	NaN	NaN	NaN	NaN	NaN	NaN	NaN	NaN	NaN	NaN	NaN	NaN	NaN	NaN	223.0	NaN	124.0	NaN	NaN	NaN	NaN	NaN	NaN	1.0	NaN	NaN	NaN	1.0	137.0	NaN	NaN	NaN	NaN	NaN	NaN	NaN	NaN	NaN	NaN	NaN	NaN	NaN	NaN	1.0	NaN	NaN	NaN	NaN	NaN	13.0	NaN	NaN	186.0	NaN	NaN	NaN	NaN	NaN	NaN	NaN	1.0	NaN	149.0	113.0	NaN	NaN	NaN	NaN	160.0	NaN	NaN	NaN	NaN	NaN	1.0	62.0	NaN	NaN	NaN	132.0	NaN	75.0	NaN	198.0	NaN	NaN	NaN	NaN	NaN	NaN	154.0	NaN	NaN	NaN	1.0	NaN	NaN	278.0	NaN	NaN	NaN	NaN	113.0	NaN	49.0	NaN	NaN	NaN	NaN	21.0	NaN	1.0	NaN	NaN	NaN	NaN	359.0	39.0	NaN	NaN	1.0	NaN	1.0	318.0	NaN	NaN	NaN	1.0	NaN	362.0	NaN	NaN	NaN	NaN	NaN	NaN	NaN	NaN	NaN	NaN	NaN	NaN	NaN	NaN	NaN	NaN	198.0	NaN	NaN	NaN	NaN	NaN	NaN	NaN	NaN	NaN	NaN	156.0	NaN	NaN	116.0	NaN	129.0	NaN	NaN	NaN	NaN	NaN	NaN	NaN	NaN	NaN	35.0	NaN	1.0	NaN	399.0	NaN	NaN	NaN	NaN	NaN	NaN	1.0	NaN	NaN	337.0	391.0	NaN	NaN	NaN	NaN	NaN	89.0	NaN	NaN	NaN	NaN	NaN	NaN	279.0	NaN	323.0	NaN	NaN	NaN	NaN	NaN	41.0	NaN	NaN	78.0	NaN	NaN	NaN	NaN	NaN	NaN	NaN	NaN	NaN	NaN	NaN	119.0	NaN	NaN	NaN	NaN	NaN	NaN	NaN	NaN	NaN	1.0	NaN	89.0	NaN	NaN	NaN	1.0	NaN	NaN	NaN	NaN	NaN	NaN	110.0	1.0	NaN	NaN	NaN	NaN	NaN	NaN	NaN	NaN	NaN	NaN	NaN	202.0	22.0	NaN	NaN	158.0	NaN	NaN	NaN	NaN	NaN	NaN	NaN	375.0	NaN	NaN	NaN	230.0	NaN	NaN	128.0	NaN	NaN	NaN	NaN	NaN	NaN	1.0	NaN	NaN	266.0	1198.0	NaN	241.0	NaN	13.0	NaN	NaN	NaN	NaN	1.0	NaN	NaN	NaN	167.0	NaN	NaN	9.0	NaN	79.0	296.0	NaN	NaN	1.0	1.0	211.0	NaN	260.0	NaN	NaN	1.0	1.0	NaN	NaN	NaN	NaN	1.0	20.0	NaN	NaN	NaN	NaN	NaN
E	NaN	NaN	NaN	NaN	NaN	NaN	NaN	NaN	NaN	1.0	NaN	NaN	NaN	1.0	NaN	NaN	NaN	NaN	NaN	1.0	NaN	NaN	NaN	NaN	NaN	NaN	135.0	NaN	NaN	NaN	112.0	NaN	NaN	NaN	76.0	NaN	NaN	NaN	NaN	83.0	NaN	NaN	1.0	NaN	NaN	113.0	NaN	NaN	NaN	NaN	132.0	85.0	NaN	NaN	157.0	NaN	127.0	NaN	NaN	NaN	NaN	NaN	NaN	80.0	NaN	35.0	62.0	34.0	NaN	NaN	NaN	NaN	143.0	NaN	1.0	NaN	239.0	2.0	NaN	NaN	301.0	NaN	NaN	NaN	NaN	NaN	1.0	100.0	NaN	NaN	NaN	NaN	38.0	NaN	NaN	2.0	NaN	NaN	NaN	NaN	1.0	1.0	NaN	67.0	NaN	79.0	NaN	NaN	NaN	125.0	109.0	18.0	21.0	56.0	NaN	1.0	NaN	NaN	NaN	NaN	NaN	NaN	NaN	NaN	144.0	NaN	NaN	NaN	NaN	NaN	NaN	NaN	NaN	NaN	NaN	NaN	NaN	NaN	NaN	NaN	NaN	NaN	NaN	NaN	NaN	NaN	NaN	NaN	NaN	NaN	70.0	90.0	99.0	NaN	NaN	NaN	NaN	1.0	31.0	NaN	171.0	NaN	NaN	NaN	1.0	NaN	NaN	NaN	NaN	NaN	49.0	NaN	NaN	NaN	NaN	NaN	NaN	NaN	NaN	224.0	NaN	NaN	NaN	NaN	NaN	NaN	NaN	NaN	NaN	148.0	1.0	NaN	NaN	43.0	NaN	NaN	NaN	NaN	NaN	NaN	68.0	NaN	NaN	NaN	NaN	NaN	NaN	1.0	41.0	NaN	NaN	NaN	NaN	NaN	NaN	NaN	NaN	NaN	NaN	NaN	97.0	NaN	NaN	73.0	1.0	NaN	NaN	NaN	NaN	NaN	NaN	NaN	NaN	NaN	NaN	119.0	62.0	NaN	82.0	NaN	162.0	NaN	NaN	NaN	NaN	NaN	NaN	NaN	NaN	NaN	NaN	NaN	NaN	NaN	NaN	237.0	NaN	100.0	NaN	NaN	NaN	NaN	NaN	1.0	NaN	NaN	NaN	NaN	NaN	NaN	NaN	42.0	NaN	NaN	NaN	NaN	45.0	NaN	NaN	NaN	NaN	NaN	NaN	105.0	2.0	NaN	111.0	NaN	74.0	31.0	NaN	NaN	25.0	NaN	NaN	NaN	2.0	NaN	105.0	NaN	NaN	NaN	NaN	NaN	126.0	NaN	NaN	NaN	NaN	NaN	NaN	NaN	NaN	NaN	NaN	NaN	362.0	113.0	NaN	NaN	NaN	NaN	NaN	NaN	NaN	NaN	NaN	NaN	NaN	NaN	NaN	NaN	26.0	NaN	187.0	NaN	NaN	NaN	206.0	64.0	NaN	NaN	68.0	195.0	NaN	NaN	NaN	NaN	NaN	NaN	NaN	NaN	NaN	NaN	NaN	NaN	NaN	NaN	NaN	NaN	69.0	135.0	NaN	NaN	NaN	NaN	NaN	72.0	NaN	79.0	NaN	NaN	NaN	81.0	NaN	NaN	142.0	NaN	NaN	NaN	150.0	NaN	NaN	NaN	NaN	NaN	20.0	NaN	492.0	NaN	1.0	NaN	NaN	NaN	NaN	NaN	NaN	NaN	NaN	NaN	NaN	NaN	NaN	NaN	NaN	182.0	NaN	NaN	NaN	NaN	NaN	NaN	NaN	NaN	NaN	NaN	NaN	NaN	NaN	NaN	NaN	NaN	NaN	25.0	NaN	NaN	38.0	NaN	NaN	NaN	NaN	NaN	NaN	NaN	NaN	NaN	NaN	NaN	NaN	NaN	NaN	209.0	NaN	NaN	NaN	NaN	NaN	NaN	NaN	120.0	NaN	NaN	NaN	NaN	180.0	NaN	NaN	NaN	NaN	NaN	NaN	NaN	NaN	NaN	1.0	NaN	NaN	NaN	NaN	NaN	NaN	NaN	13.0	NaN	NaN	NaN	212.0	NaN	NaN	NaN	219.0	NaN	NaN	NaN	33.0	NaN	NaN	1.0	NaN	NaN	NaN	10.0	NaN	53.0	NaN
D	NaN	NaN	106.0	NaN	NaN	NaN	NaN	NaN	NaN	275.0	NaN	186.0	NaN	NaN	85.0	NaN	106.0	2.0	NaN	276.0	NaN	NaN	NaN	NaN	NaN	NaN	NaN	NaN	NaN	NaN	NaN	25.0	143.0	NaN	NaN	NaN	NaN	125.0	NaN	NaN	NaN	NaN	NaN	NaN	NaN	NaN	NaN	NaN	NaN	NaN	NaN	NaN	NaN	NaN	NaN	NaN	NaN	84.0	13.0	111.0	NaN	12.0	NaN	NaN	75.0	NaN	NaN	NaN	NaN	NaN	NaN	NaN	1.0	NaN	531.0	NaN	NaN	NaN	NaN	NaN	NaN	NaN	NaN	NaN	NaN	NaN	NaN	NaN	NaN	NaN	NaN	NaN	NaN	NaN	159.0	NaN	NaN	NaN	NaN	NaN	NaN	142.0	80.0	NaN	NaN	NaN	NaN	NaN	NaN	NaN	NaN	NaN	NaN	NaN	NaN	NaN	NaN	NaN	NaN	NaN	NaN	NaN	NaN	NaN	NaN	NaN	NaN	NaN	NaN	NaN	NaN	NaN	NaN	NaN	NaN	NaN	NaN	NaN	NaN	NaN	NaN	NaN	NaN	1.0	NaN	NaN	NaN	17.0	NaN	31.0	NaN	NaN	NaN	NaN	NaN	NaN	65.0	134.0	NaN	1.0	NaN	NaN	NaN	115.0	61.0	NaN	NaN	NaN	388.0	NaN	NaN	NaN	NaN	NaN	NaN	NaN	NaN	NaN	NaN	NaN	17.0	NaN	NaN	NaN	NaN	NaN	NaN	NaN	NaN	NaN	NaN	NaN	10.0	NaN	NaN	NaN	NaN	NaN	NaN	NaN	NaN	NaN	NaN	NaN	111.0	NaN	NaN	NaN	NaN	NaN	NaN	NaN	NaN	128.0	NaN	NaN	NaN	NaN	NaN	NaN	NaN	NaN	NaN	NaN	NaN	NaN	68.0	21.0	NaN	NaN	NaN	NaN	NaN	3.0	NaN	NaN	NaN	NaN	NaN	55.0	NaN	NaN	NaN	NaN	NaN	101.0	NaN	28.0	157.0	NaN	123.0	NaN	NaN	NaN	NaN	NaN	NaN	1.0	NaN	232.0	NaN	NaN	NaN	NaN	68.0	NaN	129.0	NaN	NaN	NaN	2.0	1.0	NaN	NaN	NaN	NaN	NaN	NaN	NaN	NaN	NaN	NaN	NaN	NaN	32.0	NaN	NaN	NaN	NaN	NaN	NaN	NaN	NaN	NaN	NaN	NaN	NaN	NaN	NaN	NaN	NaN	331.0	NaN	NaN	NaN	NaN	398.0	NaN	129.0	NaN	NaN	NaN	NaN	NaN	NaN	NaN	NaN	725.0	NaN	NaN	NaN	NaN	NaN	NaN	234.0	NaN	27.0	NaN	NaN	NaN	NaN	NaN	NaN	NaN	NaN	NaN	80.0	NaN	1.0	1.0	NaN	NaN	NaN	NaN	NaN	NaN	NaN	NaN	NaN	34.0	NaN	NaN	NaN	NaN	NaN	NaN	NaN	17.0	NaN	NaN	NaN	NaN	NaN	NaN	NaN	NaN	80.0	NaN	NaN	NaN	NaN	NaN	NaN	NaN	198.0	27.0	NaN	NaN	NaN	NaN	NaN	NaN	388.0	NaN	NaN	NaN	NaN	NaN	NaN	NaN	NaN	NaN	NaN	NaN	NaN	NaN	NaN	NaN	NaN	NaN	NaN	NaN	NaN	NaN	NaN	NaN	NaN	NaN	NaN	NaN	NaN	52.0	NaN	NaN	NaN	NaN	NaN	NaN	NaN	NaN	NaN	NaN	NaN	NaN	NaN	NaN	NaN	NaN	NaN	NaN	NaN	NaN	1.0	NaN	NaN	39.0	NaN	NaN	NaN	NaN	NaN	NaN	134.0	NaN	1.0	NaN	NaN	NaN	NaN	NaN	NaN	NaN	26.0	NaN	2.0	NaN	NaN	160.0	NaN	NaN	NaN	NaN	NaN	NaN	34.0	NaN	NaN	NaN	NaN	183.0	NaN	19.0	NaN	NaN	NaN	NaN	NaN	17.0	NaN	18.0	NaN	NaN	NaN	NaN	NaN	NaN	41.0	NaN	NaN	NaN	NaN	NaN	NaN	271.0	NaN
M	NaN	NaN	NaN	NaN	NaN	NaN	NaN	NaN	NaN	NaN	NaN	NaN	NaN	209.0	NaN	NaN	NaN	NaN	NaN	NaN	297.0	NaN	NaN	NaN	NaN	NaN	16.0	NaN	207.0	NaN	7.0	NaN	NaN	NaN	NaN	NaN	1.0	NaN	NaN	NaN	NaN	262.0	NaN	NaN	16.0	235.0	NaN	182.0	NaN	112.0	NaN	NaN	NaN	NaN	47.0	NaN	NaN	NaN	NaN	NaN	NaN	NaN	NaN	NaN	NaN	NaN	77.0	NaN	190.0	NaN	NaN	172.0	NaN	208.0	NaN	NaN	NaN	572.0	NaN	628.0	NaN	NaN	NaN	NaN	127.0	NaN	NaN	101.0	NaN	NaN	NaN	NaN	NaN	NaN	NaN	NaN	NaN	34.0	289.0	NaN	NaN	NaN	NaN	220.0	NaN	NaN	NaN	NaN	352.0	NaN	46.0	NaN	NaN	NaN	NaN	427.0	161.0	NaN	NaN	93.0	NaN	NaN	51.0	NaN	NaN	NaN	NaN	NaN	NaN	NaN	NaN	NaN	NaN	NaN	73.0	NaN	128.0	NaN	NaN	NaN	NaN	39.0	179.0	NaN	NaN	NaN	79.0	NaN	330.0	NaN	NaN	42.0	28.0	NaN	NaN	NaN	NaN	NaN	NaN	9.0	NaN	NaN	NaN	NaN	NaN	NaN	151.0	NaN	NaN	NaN	NaN	NaN	NaN	NaN	120.0	NaN	NaN	208.0	NaN	NaN	NaN	NaN	418.0	152.0	NaN	NaN	NaN	NaN	162.0	38.0	NaN	NaN	NaN	NaN	159.0	NaN	63.0	241.0	151.0	1.0	NaN	NaN	NaN	NaN	NaN	NaN	NaN	NaN	NaN	NaN	NaN	22.0	1.0	NaN	NaN	264.0	NaN	NaN	NaN	NaN	NaN	NaN	NaN	NaN	NaN	NaN	NaN	NaN	NaN	NaN	NaN	237.0	NaN	NaN	NaN	31.0	21.0	NaN	NaN	2.0	NaN	NaN	NaN	NaN	NaN	NaN	312.0	NaN	NaN	NaN	NaN	370.0	NaN	NaN	NaN	NaN	NaN	NaN	NaN	NaN	228.0	NaN	414.0	NaN	NaN	NaN	NaN	NaN	NaN	NaN	38.0	NaN	NaN	NaN	NaN	NaN	NaN	NaN	162.0	NaN	NaN	NaN	171.0	NaN	NaN	NaN	NaN	NaN	205.0	88.0	NaN	179.0	NaN	NaN	NaN	NaN	117.0	294.0	NaN	192.0	NaN	NaN	NaN	NaN	49.0	56.0	NaN	NaN	NaN	NaN	NaN	NaN	NaN	NaN	44.0	649.0	NaN	NaN	3.0	NaN	NaN	NaN	327.0	NaN	NaN	336.0	NaN	NaN	NaN	NaN	54.0	NaN	173.0	NaN	NaN	NaN	NaN	NaN	NaN	58.0	NaN	19.0	NaN	NaN	NaN	NaN	NaN	NaN	NaN	NaN	NaN	NaN	NaN	NaN	NaN	NaN	NaN	NaN	NaN	NaN	NaN	NaN	NaN	215.0	NaN	NaN	NaN	25.0	NaN	NaN	NaN	NaN	NaN	NaN	NaN	NaN	NaN	140.0	NaN	NaN	20.0	NaN	NaN	NaN	NaN	NaN	NaN	NaN	NaN	NaN	41.0	53.0	NaN	NaN	NaN	NaN	NaN	NaN	NaN	NaN	NaN	NaN	201.0	NaN	NaN	31.0	NaN	NaN	NaN	NaN	NaN	NaN	135.0	NaN	NaN	NaN	NaN	178.0	NaN	NaN	81.0	NaN	NaN	NaN	NaN	NaN	NaN	NaN	NaN	227.0	NaN	380.0	81.0	NaN	NaN	NaN	NaN	NaN	NaN	NaN	NaN	NaN	1.0	NaN	NaN	NaN	NaN	117.0	NaN	NaN	140.0	49.0	NaN	NaN	NaN	NaN	NaN	NaN	NaN	NaN	NaN	28.0	328.0	NaN	NaN	NaN	NaN	412.0	350.0	NaN	NaN	NaN	1.0	NaN	NaN	NaN	NaN	NaN	NaN	NaN	NaN	NaN	NaN	NaN	NaN	350.0	NaN	248.0	NaN	NaN	NaN	NaN	NaN	NaN	NaN
G	25.0	164.0	55.0	81.0	31.0	26.0	116.0	7.0	14.0	176.0	46.0	20.0	2.0	54.0	436.0	106.0	90.0	91.0	169.0	24.0	238.0	823.0	512.0	47.0	18.0	167.0	87.0	201.0	280.0	509.0	122.0	252.0	551.0	32.0	106.0	151.0	157.0	245.0	246.0	262.0	289.0	96.0	135.0	460.0	90.0	186.0	405.0	152.0	65.0	170.0	221.0	101.0	45.0	113.0	341.0	139.0	100.0	278.0	7.0	33.0	124.0	27.0	168.0	31.0	353.0	38.0	195.0	165.0	68.0	26.0	151.0	65.0	136.0	58.0	443.0	19.0	82.0	424.0	381.0	55.0	154.0	68.0	61.0	100.0	35.0	49.0	55.0	361.0	418.0	144.0	437.0	300.0	93.0	54.0	250.0	141.0	133.0	268.0	306.0	153.0	1356.0	213.0	1060.0	606.0	1051.0	184.0	48.0	145.0	415.0	36.0	48.0	79.0	48.0	175.0	42.0	684.0	22.0	166.0	511.0	128.0	194.0	7.0	82.0	129.0	32.0	59.0	86.0	20.0	45.0	71.0	1.0	136.0	30.0	96.0	3.0	44.0	47.0	49.0	46.0	104.0	104.0	10.0	50.0	245.0	7.0	52.0	58.0	37.0	285.0	464.0	32.0	14.0	80.0	147.0	72.0	86.0	230.0	41.0	49.0	362.0	47.0	46.0	59.0	10.0	169.0	29.0	45.0	92.0	414.0	145.0	70.0	143.0	91.0	18.0	28.0	209.0	245.0	41.0	119.0	78.0	100.0	97.0	246.0	76.0	NaN	80.0	140.0	386.0	15.0	359.0	960.0	14.0	125.0	238.0	52.0	59.0	633.0	307.0	49.0	133.0	134.0	797.0	226.0	15.0	151.0	198.0	37.0	15.0	596.0	14.0	35.0	51.0	36.0	96.0	53.0	111.0	57.0	90.0	110.0	119.0	101.0	36.0	63.0	54.0	39.0	227.0	36.0	19.0	196.0	46.0	14.0	27.0	189.0	54.0	49.0	17.0	102.0	186.0	261.0	40.0	48.0	10.0	153.0	126.0	129.0	29.0	351.0	99.0	21.0	59.0	14.0	180.0	2.0	106.0	40.0	49.0	127.0	4.0	6.0	70.0	189.0	49.0	270.0	58.0	36.0	8.0	3.0	16.0	2.0	88.0	944.0	7.0	60.0	261.0	65.0	25.0	129.0	15.0	15.0	53.0	20.0	59.0	19.0	62.0	145.0	67.0	25.0	38.0	158.0	96.0	38.0	381.0	853.0	16.0	224.0	105.0	29.0	163.0	166.0	34.0	156.0	404.0	215.0	71.0	140.0	124.0	90.0	42.0	199.0	31.0	18.0	35.0	16.0	5.0	5.0	366.0	275.0	778.0	76.0	40.0	4.0	42.0	252.0	134.0	4.0	297.0	21.0	123.0	52.0	4.0	30.0	295.0	66.0	32.0	51.0	128.0	53.0	757.0	35.0	216.0	34.0	11.0	153.0	46.0	1.0	210.0	140.0	8.0	44.0	314.0	18.0	NaN	11.0	8.0	28.0	13.0	33.0	46.0	6.0	15.0	229.0	79.0	3.0	17.0	70.0	7.0	10.0	22.0	21.0	35.0	48.0	19.0	37.0	99.0	650.0	1.0	32.0	679.0	48.0	68.0	79.0	108.0	230.0	223.0	49.0	45.0	1481.0	781.0	232.0	79.0	51.0	344.0	210.0	101.0	137.0	134.0	551.0	232.0	50.0	89.0	285.0	291.0	83.0	139.0	1523.0	79.0	283.0	185.0	795.0	10.0	97.0	80.0	26.0	15.0	27.0	36.0	547.0	61.0	280.0	58.0	98.0	83.0	125.0	99.0	137.0	41.0	422.0	65.0	42.0	48.0	198.0	331.0	48.0	24.0	43.0	292.0	35.0	13.0	86.0	292.0	55.0	302.0	91.0	79.0	563.0	53.0	246.0	88.0	138.0	82.0	61.0	16.0	103.0	68.0	116.0	46.0	31.0	172.0	117.0	28.0	52.0	26.0	84.0	132.0	309.0	156.0	321.0	66.0	157.0	185.0	101.0	207.0	27.0	33.0	87.0	414.0	120.0	38.0	84.0	77.0	57.0	30.0	112.0	56.0	152.0	14.0	168.0	178.0	71.0	29.0	38.0	75.0	63.0	97.0	NaN
A	NaN	20.0	55.0	42.0	69.0	48.0	3.0	12.0	26.0	702.0	8.0	283.0	2.0	72.0	123.0	87.0	152.0	29.0	36.0	884.0	9.0	378.0	60.0	182.0	2.0	33.0	146.0	31.0	15.0	112.0	118.0	35.0	286.0	34.0	303.0	223.0	64.0	112.0	71.0	231.0	44.0	121.0	153.0	292.0	150.0	238.0	71.0	47.0	77.0	48.0	406.0	106.0	42.0	34.0	98.0	287.0	189.0	163.0	2.0	39.0	35.0	19.0	114.0	10.0	135.0	14.0	251.0	66.0	28.0	143.0	158.0	15.0	378.0	102.0	270.0	84.0	693.0	110.0	156.0	145.0	396.0	72.0	241.0	21.0	92.0	56.0	79.0	197.0	31.0	272.0	30.0	53.0	108.0	49.0	126.0	219.0	106.0	84.0	94.0	115.0	849.0	113.0	226.0	800.0	322.0	7.0	91.0	149.0	102.0	12.0	29.0	6.0	3.0	54.0	5.0	20.0	123.0	211.0	42.0	49.0	8.0	83.0	24.0	18.0	43.0	15.0	3.0	54.0	52.0	159.0	9.0	74.0	43.0	42.0	1.0	54.0	159.0	5.0	8.0	45.0	14.0	4.0	99.0	15.0	8.0	62.0	23.0	60.0	25.0	6.0	7.0	NaN	105.0	37.0	46.0	105.0	112.0	13.0	5.0	107.0	11.0	21.0	38.0	1.0	76.0	24.0	189.0	14.0	721.0	13.0	18.0	115.0	84.0	42.0	64.0	5.0	12.0	142.0	44.0	648.0	56.0	16.0	162.0	15.0	26.0	52.0	51.0	55.0	148.0	17.0	110.0	45.0	118.0	209.0	27.0	162.0	28.0	139.0	84.0	17.0	27.0	34.0	17.0	1.0	575.0	16.0	80.0	60.0	149.0	67.0	208.0	1.0	12.0	14.0	NaN	21.0	23.0	4.0	NaN	64.0	20.0	71.0	32.0	20.0	55.0	87.0	117.0	12.0	25.0	1.0	1.0	80.0	7.0	19.0	13.0	2.0	9.0	60.0	23.0	27.0	196.0	65.0	9.0	11.0	2.0	2.0	31.0	11.0	352.0	16.0	550.0	19.0	201.0	10.0	3.0	664.0	NaN	2.0	27.0	637.0	43.0	35.0	44.0	623.0	200.0	324.0	44.0	19.0	29.0	16.0	24.0	11.0	31.0	62.0	37.0	52.0	14.0	73.0	22.0	206.0	845.0	41.0	12.0	533.0	137.0	22.0	22.0	392.0	160.0	146.0	37.0	67.0	149.0	61.0	28.0	22.0	404.0	25.0	394.0	9.0	41.0	836.0	47.0	127.0	12.0	98.0	930.0	4.0	391.0	22.0	9.0	12.0	2.0	7.0	50.0	16.0	685.0	236.0	3.0	23.0	95.0	8.0	2.0	2.0	16.0	36.0	40.0	7.0	181.0	121.0	2.0	50.0	144.0	44.0	1048.0	14.0	101.0	21.0	2.0	112.0	31.0	14.0	150.0	273.0	22.0	87.0	6.0	17.0	11.0	146.0	32.0	27.0	35.0	121.0	88.0	9.0	14.0	27.0	4.0	42.0	133.0	145.0	5.0	111.0	89.0	198.0	13.0	34.0	32.0	4.0	26.0	56.0	16.0	16.0	302.0	104.0	35.0	205.0	22.0	6.0	20.0	35.0	329.0	155.0	75.0	131.0	151.0	12.0	235.0	1116.0	25.0	149.0	41.0	6.0	57.0	32.0	38.0	89.0	108.0	22.0	16.0	916.0	300.0	65.0	101.0	136.0	75.0	NaN	318.0	27.0	48.0	120.0	12.0	197.0	97.0	126.0	15.0	78.0	64.0	1.0	49.0	135.0	293.0	110.0	40.0	3.0	198.0	55.0	1.0	136.0	8.0	42.0	22.0	3.0	29.0	65.0	2.0	266.0	21.0	144.0	48.0	197.0	46.0	43.0	32.0	112.0	52.0	17.0	19.0	156.0	103.0	18.0	27.0	63.0	75.0	26.0	20.0	712.0	28.0	5.0	88.0	53.0	90.0	56.0	135.0	9.0	65.0	162.0	71.0	724.0	139.0	39.0	4.0	49.0	53.0	82.0	43.0	91.0	45.0	14.0	174.0	63.0	80.0	37.0	119.0	112.0	258.0	194.0	275.0	115.0	28.0	125.0	87.0	2.0	95.0
V	NaN	NaN	NaN	NaN	NaN	NaN	68.0	38.0	NaN	84.0	NaN	79.0	38.0	32.0	136.0	NaN	361.0	NaN	NaN	221.0	1.0	5.0	NaN	NaN	NaN	NaN	1.0	35.0	86.0	2.0	NaN	NaN	49.0	64.0	389.0	1.0	NaN	NaN	NaN	489.0	NaN	28.0	NaN	NaN	76.0	366.0	98.0	29.0	NaN	72.0	NaN	NaN	17.0	124.0	NaN	1.0	76.0	401.0	NaN	NaN	NaN	NaN	2.0	NaN	147.0	NaN	355.0	NaN	57.0	NaN	NaN	65.0	81.0	NaN	65.0	NaN	128.0	NaN	NaN	NaN	128.0	NaN	NaN	13.0	NaN	NaN	NaN	463.0	NaN	NaN	NaN	NaN	NaN	13.0	1.0	NaN	75.0	94.0	111.0	NaN	3.0	NaN	199.0	1298.0	NaN	NaN	NaN	NaN	NaN	NaN	NaN	2.0	NaN	235.0	135.0	NaN	NaN	NaN	NaN	93.0	NaN	NaN	72.0	NaN	NaN	NaN	1.0	NaN	NaN	NaN	NaN	NaN	NaN	10.0	47.0	NaN	NaN	NaN	NaN	115.0	8.0	96.0	NaN	99.0	37.0	NaN	86.0	NaN	NaN	NaN	NaN	NaN	NaN	NaN	NaN	NaN	449.0	NaN	NaN	102.0	NaN	NaN	NaN	NaN	214.0	69.0	NaN	NaN	209.0	NaN	NaN	NaN	NaN	NaN	NaN	NaN	NaN	NaN	NaN	226.0	NaN	NaN	NaN	79.0	NaN	NaN	NaN	NaN	NaN	NaN	NaN	NaN	NaN	260.0	107.0	NaN	135.0	91.0	NaN	NaN	NaN	NaN	NaN	NaN	77.0	NaN	NaN	NaN	520.0	NaN	NaN	89.0	NaN	NaN	NaN	33.0	NaN	NaN	110.0	NaN	NaN	NaN	126.0	NaN	NaN	NaN	NaN	1.0	NaN	NaN	41.0	NaN	NaN	NaN	NaN	NaN	NaN	1.0	1.0	1.0	81.0	NaN	NaN	NaN	NaN	1.0	NaN	NaN	31.0	NaN	160.0	NaN	NaN	NaN	NaN	195.0	NaN	NaN	306.0	226.0	NaN	NaN	NaN	160.0	882.0	NaN	NaN	NaN	16.0	NaN	116.0	NaN	NaN	30.0	10.0	NaN	201.0	52.0	15.0	NaN	NaN	16.0	50.0	348.0	324.0	NaN	NaN	NaN	426.0	1036.0	NaN	32.0	593.0	NaN	NaN	75.0	NaN	47.0	203.0	70.0	NaN	149.0	NaN	NaN	NaN	142.0	192.0	NaN	90.0	NaN	NaN	NaN	NaN	231.0	83.0	NaN	249.0	72.0	NaN	34.0	NaN	NaN	NaN	NaN	NaN	NaN	1.0	NaN	NaN	NaN	84.0	NaN	777.0	NaN	325.0	NaN	NaN	NaN	NaN	545.0	NaN	58.0	280.0	184.0	NaN	NaN	NaN	NaN	NaN	217.0	NaN	NaN	NaN	NaN	NaN	48.0	57.0	NaN	9.0	NaN	447.0	116.0	60.0	NaN	NaN	NaN	NaN	NaN	NaN	NaN	77.0	NaN	15.0	NaN	67.0	NaN	NaN	NaN	NaN	NaN	NaN	NaN	96.0	NaN	NaN	NaN	395.0	NaN	961.0	NaN	395.0	79.0	120.0	NaN	NaN	168.0	NaN	NaN	NaN	NaN	NaN	NaN	NaN	NaN	NaN	NaN	NaN	NaN	NaN	70.0	NaN	154.0	69.0	NaN	NaN	NaN	120.0	79.0	NaN	NaN	97.0	82.0	NaN	NaN	21.0	NaN	347.0	NaN	NaN	NaN	NaN	NaN	101.0	NaN	NaN	NaN	NaN	NaN	84.0	NaN	NaN	174.0	NaN	1.0	122.0	2.0	34.0	64.0	NaN	NaN	NaN	91.0	NaN	NaN	NaN	NaN	NaN	NaN	NaN	96.0	22.0	161.0	21.0	87.0	156.0	118.0	NaN	36.0	151.0	249.0	NaN	NaN	NaN	NaN	94.0	NaN	NaN	1.0	1.0	NaN	89.0	31.0	NaN	1.0	336.0	NaN	610.0	134.0	NaN	16.0	NaN	576.0	NaN	37.0	NaN
L	1525.0	NaN	NaN	NaN	2.0	56.0	239.0	128.0	209.0	NaN	279.0	NaN	208.0	1007.0	NaN	84.0	35.0	157.0	349.0	NaN	1.0	154.0	NaN	NaN	221.0	NaN	1.0	137.0	30.0	NaN	NaN	32.0	NaN	366.0	113.0	NaN	490.0	NaN	NaN	127.0	NaN	995.0	158.0	209.0	40.0	201.0	80.0	1354.0	54.0	162.0	NaN	2.0	159.0	133.0	NaN	211.0	NaN	33.0	35.0	NaN	2.0	47.0	NaN	44.0	20.0	34.0	108.0	24.0	11.0	NaN	28.0	82.0	NaN	1.0	NaN	NaN	NaN	1.0	331.0	NaN	NaN	66.0	NaN	522.0	NaN	490.0	138.0	119.0	241.0	101.0	NaN	NaN	48.0	483.0	NaN	51.0	216.0	160.0	106.0	NaN	289.0	NaN	NaN	477.0	81.0	57.0	164.0	NaN	1.0	NaN	NaN	27.0	72.0	NaN	786.0	NaN	NaN	58.0	117.0	68.0	NaN	139.0	39.0	NaN	NaN	65.0	197.0	NaN	48.0	NaN	143.0	389.0	201.0	161.0	30.0	36.0	NaN	NaN	233.0	164.0	360.0	177.0	NaN	408.0	280.0	39.0	131.0	40.0	NaN	33.0	NaN	NaN	1.0	264.0	NaN	NaN	22.0	NaN	28.0	22.0	NaN	152.0	71.0	NaN	14.0	188.0	NaN	353.0	NaN	392.0	36.0	277.0	111.0	304.0	NaN	3.0	NaN	NaN	103.0	NaN	29.0	NaN	NaN	67.0	264.0	NaN	335.0	443.0	NaN	NaN	532.0	176.0	81.0	136.0	106.0	NaN	197.0	62.0	NaN	475.0	24.0	NaN	NaN	NaN	NaN	NaN	64.0	226.0	130.0	NaN	NaN	406.0	482.0	NaN	237.0	486.0	142.0	242.0	237.0	123.0	NaN	NaN	169.0	1.0	189.0	NaN	NaN	45.0	NaN	348.0	126.0	NaN	122.0	NaN	204.0	2.0	NaN	155.0	NaN	NaN	NaN	NaN	NaN	208.0	NaN	NaN	NaN	73.0	NaN	324.0	NaN	NaN	NaN	303.0	138.0	NaN	NaN	2.0	368.0	NaN	NaN	140.0	NaN	192.0	17.0	NaN	1.0	284.0	400.0	392.0	37.0	55.0	303.0	159.0	585.0	224.0	3.0	132.0	779.0	NaN	60.0	266.0	131.0	NaN	13.0	673.0	2.0	47.0	106.0	77.0	136.0	547.0	197.0	69.0	NaN	159.0	NaN	79.0	NaN	269.0	976.0	NaN	NaN	NaN	NaN	315.0	NaN	247.0	NaN	NaN	152.0	NaN	226.0	184.0	68.0	NaN	NaN	NaN	577.0	198.0	NaN	200.0	NaN	621.0	NaN	NaN	64.0	NaN	NaN	NaN	143.0	369.0	86.0	238.0	NaN	NaN	NaN	399.0	NaN	78.0	101.0	45.0	162.0	NaN	123.0	NaN	NaN	134.0	NaN	25.0	107.0	76.0	185.0	NaN	NaN	190.0	239.0	32.0	460.0	119.0	134.0	NaN	215.0	NaN	58.0	NaN	1.0	1.0	78.0	29.0	604.0	292.0	400.0	NaN	NaN	44.0	28.0	NaN	211.0	337.0	NaN	710.0	NaN	NaN	309.0	242.0	86.0	171.0	169.0	113.0	168.0	189.0	134.0	NaN	405.0	82.0	464.0	207.0	111.0	164.0	NaN	NaN	NaN	118.0	NaN	NaN	NaN	363.0	258.0	214.0	259.0	5.0	62.0	NaN	NaN	192.0	177.0	140.0	NaN	310.0	228.0	254.0	NaN	14.0	954.0	812.0	197.0	122.0	378.0	NaN	NaN	1.0	28.0	NaN	331.0	64.0	418.0	NaN	142.0	179.0	416.0	NaN	1.0	369.0	599.0	105.0	247.0	229.0	463.0	NaN	NaN	272.0	51.0	178.0	NaN	598.0	532.0	NaN	NaN	123.0	292.0	135.0	410.0	78.0	8.0	121.0	360.0	406.0	71.0	NaN	432.0	73.0	80.0	87.0	846.0	NaN	NaN	28.0	182.0	98.0	NaN	909.0	137.0	108.0	104.0	NaN	15.0	118.0	NaN	440.0	NaN	103.0	NaN	NaN	NaN
I	NaN	139.0	21.0	NaN	NaN	NaN	119.0	62.0	NaN	NaN	NaN	NaN	93.0	3.0	NaN	NaN	57.0	NaN	1.0	NaN	NaN	NaN	465.0	43.0	NaN	NaN	NaN	92.0	426.0	194.0	NaN	NaN	NaN	72.0	83.0	530.0	NaN	26.0	NaN	203.0	98.0	NaN	NaN	NaN	450.0	NaN	353.0	NaN	2.0	NaN	15.0	37.0	116.0	357.0	1.0	NaN	NaN	84.0	1.0	NaN	NaN	NaN	121.0	NaN	49.0	NaN	NaN	NaN	518.0	177.0	NaN	257.0	NaN	NaN	NaN	259.0	NaN	NaN	NaN	NaN	NaN	NaN	34.0	387.0	NaN	NaN	NaN	NaN	NaN	NaN	NaN	82.0	NaN	60.0	39.0	NaN	88.0	NaN	773.0	NaN	NaN	40.0	NaN	NaN	NaN	NaN	NaN	NaN	NaN	32.0	1.0	NaN	NaN	NaN	13.0	NaN	NaN	NaN	NaN	321.0	399.0	NaN	348.0	106.0	21.0	NaN	NaN	NaN	NaN	75.0	NaN	NaN	NaN	174.0	348.0	NaN	NaN	NaN	NaN	253.0	194.0	NaN	NaN	45.0	22.0	NaN	98.0	NaN	3.0	NaN	37.0	NaN	NaN	1.0	NaN	154.0	297.0	32.0	NaN	280.0	33.0	NaN	NaN	55.0	104.0	35.0	NaN	NaN	NaN	NaN	NaN	NaN	NaN	NaN	NaN	NaN	741.0	NaN	NaN	NaN	NaN	78.0	NaN	165.0	NaN	NaN	NaN	NaN	NaN	NaN	NaN	NaN	NaN	193.0	497.0	39.0	NaN	530.0	NaN	NaN	NaN	138.0	130.0	NaN	NaN	202.0	NaN	NaN	179.0	45.0	47.0	378.0	NaN	44.0	NaN	NaN	NaN	NaN	271.0	NaN	30.0	18.0	173.0	44.0	NaN	68.0	44.0	NaN	277.0	NaN	64.0	NaN	NaN	1.0	NaN	NaN	NaN	NaN	27.0	65.0	NaN	46.0	NaN	NaN	NaN	NaN	NaN	NaN	NaN	NaN	NaN	NaN	96.0	NaN	NaN	NaN	108.0	73.0	100.0	NaN	NaN	NaN	NaN	809.0	87.0	16.0	NaN	NaN	152.0	NaN	135.0	NaN	NaN	309.0	107.0	NaN	NaN	28.0	NaN	77.0	NaN	844.0	210.0	NaN	77.0	NaN	31.0	NaN	NaN	NaN	NaN	NaN	138.0	NaN	82.0	2205.0	NaN	482.0	NaN	338.0	NaN	NaN	265.0	47.0	NaN	1.0	NaN	NaN	NaN	NaN	NaN	NaN	NaN	20.0	333.0	1.0	NaN	NaN	NaN	160.0	47.0	1.0	4.0	NaN	46.0	NaN	NaN	76.0	104.0	19.0	NaN	NaN	NaN	NaN	NaN	102.0	71.0	NaN	47.0	NaN	NaN	295.0	184.0	NaN	NaN	NaN	434.0	NaN	NaN	182.0	NaN	NaN	NaN	57.0	60.0	95.0	241.0	NaN	217.0	NaN	61.0	1.0	68.0	NaN	NaN	69.0	59.0	NaN	NaN	NaN	99.0	NaN	180.0	65.0	NaN	NaN	NaN	NaN	NaN	NaN	NaN	NaN	NaN	54.0	NaN	NaN	156.0	NaN	293.0	NaN	NaN	NaN	1246.0	NaN	NaN	365.0	NaN	NaN	NaN	NaN	NaN	151.0	NaN	NaN	148.0	NaN	144.0	NaN	1.0	284.0	1.0	274.0	266.0	34.0	50.0	NaN	40.0	381.0	169.0	NaN	170.0	54.0	102.0	NaN	171.0	NaN	119.0	NaN	NaN	NaN	164.0	NaN	1121.0	NaN	NaN	1.0	NaN	89.0	1134.0	NaN	NaN	NaN	63.0	NaN	73.0	NaN	92.0	476.0	NaN	40.0	NaN	NaN	NaN	NaN	45.0	NaN	NaN	29.0	236.0	226.0	149.0	NaN	NaN	455.0	68.0	467.0	NaN	NaN	209.0	NaN	NaN	NaN	NaN	NaN	30.0	208.0	64.0	NaN	NaN	NaN	NaN	160.0	NaN	NaN	91.0	NaN	107.0	327.0	53.0	802.0	NaN	316.0	90.0	NaN	210.0
F	NaN	NaN	NaN	200.0	56.0	NaN	36.0	555.0	NaN	NaN	NaN	NaN	75.0	NaN	NaN	NaN	124.0	NaN	NaN	NaN	NaN	NaN	NaN	NaN	NaN	135.0	NaN	79.0	41.0	NaN	NaN	1.0	NaN	52.0	NaN	NaN	NaN	1.0	183.0	NaN	4.0	NaN	NaN	NaN	39.0	NaN	NaN	NaN	1.0	313.0	NaN	NaN	112.0	NaN	NaN	NaN	NaN	141.0	1.0	27.0	242.0	NaN	NaN	NaN	90.0	NaN	1.0	NaN	36.0	NaN	NaN	NaN	NaN	NaN	NaN	NaN	NaN	NaN	NaN	NaN	NaN	NaN	NaN	NaN	NaN	NaN	NaN	NaN	NaN	NaN	157.0	1.0	NaN	132.0	NaN	NaN	101.0	205.0	NaN	144.0	NaN	NaN	NaN	NaN	NaN	NaN	NaN	142.0	NaN	NaN	NaN	NaN	NaN	NaN	131.0	NaN	NaN	NaN	NaN	38.0	NaN	NaN	131.0	NaN	NaN	NaN	NaN	41.0	NaN	NaN	NaN	NaN	NaN	42.0	37.0	NaN	NaN	127.0	NaN	NaN	NaN	281.0	NaN	86.0	117.0	NaN	NaN	NaN	NaN	NaN	NaN	NaN	NaN	NaN	40.0	NaN	111.0	NaN	NaN	40.0	NaN	NaN	NaN	NaN	81.0	508.0	NaN	NaN	NaN	NaN	NaN	NaN	NaN	NaN	NaN	729.0	NaN	NaN	NaN	NaN	NaN	NaN	NaN	1.0	NaN	127.0	NaN	NaN	NaN	NaN	NaN	NaN	NaN	NaN	NaN	NaN	271.0	NaN	NaN	NaN	NaN	NaN	NaN	356.0	NaN	NaN	NaN	NaN	NaN	NaN	NaN	13.0	NaN	NaN	NaN	NaN	NaN	NaN	NaN	NaN	NaN	NaN	110.0	NaN	NaN	NaN	NaN	NaN	NaN	NaN	142.0	NaN	NaN	136.0	NaN	NaN	NaN	NaN	NaN	1.0	NaN	NaN	88.0	NaN	75.0	38.0	NaN	NaN	NaN	NaN	NaN	NaN	NaN	NaN	NaN	NaN	NaN	NaN	157.0	NaN	NaN	NaN	1.0	NaN	382.0	NaN	35.0	NaN	60.0	NaN	36.0	1.0	NaN	62.0	NaN	NaN	NaN	151.0	NaN	NaN	NaN	50.0	NaN	NaN	102.0	NaN	NaN	1.0	1.0	NaN	NaN	NaN	NaN	NaN	NaN	NaN	NaN	NaN	NaN	1.0	NaN	NaN	NaN	NaN	NaN	361.0	NaN	NaN	NaN	45.0	NaN	306.0	NaN	130.0	26.0	NaN	NaN	NaN	NaN	137.0	NaN	NaN	NaN	NaN	NaN	NaN	NaN	NaN	NaN	NaN	354.0	NaN	NaN	NaN	NaN	NaN	NaN	NaN	NaN	NaN	NaN	38.0	NaN	NaN	NaN	141.0	NaN	NaN	153.0	151.0	NaN	1.0	NaN	NaN	NaN	172.0	NaN	NaN	NaN	NaN	NaN	NaN	175.0	NaN	NaN	NaN	1.0	NaN	NaN	NaN	121.0	NaN	38.0	NaN	NaN	NaN	1.0	NaN	NaN	NaN	NaN	NaN	NaN	NaN	NaN	NaN	NaN	NaN	NaN	NaN	98.0	203.0	NaN	81.0	1.0	NaN	NaN	NaN	NaN	NaN	97.0	NaN	NaN	NaN	NaN	NaN	NaN	NaN	NaN	1.0	NaN	143.0	NaN	NaN	NaN	NaN	168.0	20.0	NaN	NaN	NaN	230.0	NaN	NaN	110.0	1.0	NaN	NaN	NaN	NaN	NaN	NaN	41.0	199.0	1.0	NaN	NaN	NaN	NaN	1.0	NaN	NaN	1.0	NaN	491.0	NaN	NaN	23.0	NaN	NaN	NaN	202.0	NaN	NaN	NaN	NaN	NaN	1.0	NaN	NaN	NaN	190.0	NaN	NaN	149.0	NaN	NaN	NaN	NaN	NaN	NaN	NaN	NaN	NaN	151.0	22.0	NaN	NaN	NaN	NaN	NaN	NaN	NaN	NaN	NaN	NaN	121.0	NaN	NaN	136.0	128.0	1.0	NaN	NaN	NaN
W	97.0	NaN	NaN	44.0	NaN	NaN	NaN	NaN	48.0	NaN	117.0	NaN	NaN	213.0	NaN	NaN	NaN	NaN	161.0	NaN	68.0	6.0	NaN	NaN	337.0	20.0	63.0	NaN	NaN	NaN	60.0	NaN	NaN	NaN	NaN	NaN	278.0	NaN	67.0	NaN	NaN	265.0	52.0	96.0	NaN	52.0	185.0	90.0	NaN	245.0	NaN	NaN	NaN	105.0	90.0	NaN	NaN	NaN	NaN	NaN	35.0	NaN	NaN	146.0	NaN	610.0	58.0	61.0	NaN	NaN	NaN	NaN	NaN	134.0	NaN	1.0	28.0	121.0	1.0	31.0	NaN	NaN	NaN	NaN	32.0	NaN	NaN	85.0	NaN	NaN	330.0	4.0	NaN	NaN	NaN	NaN	NaN	366.0	NaN	926.0	NaN	NaN	NaN	144.0	NaN	NaN	NaN	298.0	176.0	NaN	5.0	70.0	70.0	NaN	NaN	216.0	59.0	NaN	NaN	NaN	NaN	9.0	NaN	1.0	NaN	NaN	90.0	NaN	NaN	NaN	37.0	1.0	18.0	NaN	NaN	NaN	47.0	121.0	172.0	4.0	NaN	111.0	6.0	NaN	NaN	NaN	NaN	NaN	109.0	1.0	NaN	47.0	38.0	NaN	NaN	NaN	NaN	NaN	286.0	NaN	NaN	NaN	NaN	NaN	NaN	NaN	30.0	NaN	NaN	NaN	310.0	NaN	NaN	22.0	9.0	205.0	NaN	25.0	NaN	24.0	NaN	NaN	47.0	NaN	NaN	94.0	NaN	NaN	17.0	102.0	214.0	49.0	NaN	NaN	NaN	NaN	265.0	NaN	18.0	236.0	296.0	NaN	NaN	161.0	NaN	NaN	NaN	20.0	NaN	NaN	NaN	NaN	316.0	NaN	NaN	25.0	NaN	83.0	17.0	83.0	NaN	NaN	NaN	NaN	42.0	NaN	NaN	NaN	NaN	223.0	NaN	5.0	NaN	16.0	113.0	16.0	25.0	14.0	NaN	NaN	NaN	NaN	105.0	NaN	115.0	NaN	181.0	NaN	NaN	139.0	NaN	151.0	NaN	NaN	NaN	37.0	NaN	NaN	NaN	NaN	197.0	NaN	184.0	28.0	NaN	NaN	NaN	NaN	NaN	NaN	NaN	NaN	335.0	NaN	NaN	9.0	NaN	NaN	27.0	NaN	NaN	NaN	NaN	13.0	NaN	NaN	NaN	NaN	27.0	129.0	62.0	75.0	NaN	NaN	NaN	58.0	34.0	NaN	NaN	NaN	NaN	NaN	NaN	NaN	44.0	889.0	NaN	284.0	NaN	NaN	NaN	40.0	NaN	NaN	NaN	106.0	1.0	NaN	NaN	NaN	NaN	NaN	118.0	186.0	NaN	554.0	NaN	NaN	NaN	NaN	33.0	68.0	26.0	NaN	31.0	NaN	NaN	NaN	NaN	15.0	NaN	NaN	NaN	2.0	53.0	155.0	NaN	79.0	36.0	NaN	NaN	NaN	NaN	NaN	NaN	NaN	9.0	NaN	NaN	NaN	NaN	NaN	NaN	44.0	NaN	NaN	NaN	18.0	12.0	348.0	NaN	4.0	NaN	NaN	NaN	NaN	144.0	20.0	NaN	NaN	56.0	379.0	NaN	NaN	227.0	90.0	NaN	NaN	NaN	NaN	300.0	424.0	3.0	166.0	NaN	6.0	NaN	NaN	NaN	NaN	56.0	NaN	170.0	NaN	NaN	175.0	NaN	NaN	NaN	53.0	NaN	NaN	NaN	NaN	NaN	79.0	NaN	NaN	NaN	86.0	NaN	NaN	NaN	64.0	NaN	NaN	NaN	NaN	165.0	38.0	NaN	102.0	1.0	50.0	NaN	NaN	532.0	NaN	51.0	NaN	221.0	NaN	NaN	338.0	NaN	NaN	NaN	NaN	230.0	NaN	63.0	90.0	NaN	NaN	NaN	NaN	278.0	NaN	NaN	16.0	NaN	99.0	4.0	19.0	NaN	72.0	NaN	28.0	NaN	NaN	386.0	NaN	117.0	132.0	NaN	NaN	NaN	NaN	157.0	NaN	NaN	NaN	NaN	NaN	NaN	15.0	NaN	NaN	NaN	NaN	NaN	NaN	1.0	NaN	NaN
P	NaN	55.0	16.0	33.0	264.0	108.0	32.0	53.0	166.0	35.0	23.0	15.0	3.0	409.0	38.0	77.0	193.0	97.0	38.0	210.0	126.0	908.0	59.0	261.0	74.0	39.0	39.0	51.0	94.0	45.0	124.0	57.0	116.0	243.0	91.0	210.0	403.0	246.0	14.0	46.0	58.0	321.0	1285.0	488.0	169.0	54.0	16.0	344.0	273.0	57.0	577.0	97.0	23.0	28.0	100.0	223.0	152.0	109.0	376.0	128.0	27.0	486.0	390.0	66.0	2.0	84.0	26.0	81.0	13.0	182.0	213.0	8.0	117.0	253.0	80.0	90.0	170.0	57.0	174.0	245.0	196.0	177.0	146.0	197.0	178.0	226.0	192.0	72.0	213.0	533.0	88.0	382.0	204.0	292.0	487.0	148.0	185.0	89.0	31.0	190.0	1294.0	246.0	242.0	635.0	261.0	102.0	188.0	161.0	435.0	22.0	17.0	77.0	59.0	11.0	48.0	86.0	75.0	205.0	65.0	45.0	123.0	586.0	10.0	5.0	8.0	553.0	26.0	75.0	181.0	160.0	474.0	274.0	668.0	145.0	NaN	130.0	773.0	76.0	NaN	32.0	154.0	34.0	26.0	5.0	1.0	215.0	30.0	79.0	19.0	70.0	74.0	18.0	7.0	114.0	99.0	151.0	23.0	5.0	10.0	23.0	20.0	340.0	789.0	14.0	4.0	20.0	133.0	29.0	19.0	5.0	72.0	83.0	208.0	627.0	47.0	3.0	51.0	210.0	1195.0	31.0	69.0	22.0	179.0	NaN	662.0	57.0	7.0	66.0	315.0	25.0	58.0	609.0	62.0	13.0	37.0	374.0	1.0	147.0	217.0	77.0	15.0	50.0	31.0	1.0	35.0	19.0	115.0	697.0	56.0	127.0	133.0	36.0	456.0	40.0	4.0	214.0	94.0	38.0	76.0	120.0	23.0	74.0	11.0	65.0	597.0	54.0	40.0	463.0	18.0	212.0	9.0	70.0	34.0	23.0	23.0	46.0	22.0	496.0	NaN	43.0	59.0	166.0	28.0	35.0	1.0	2.0	127.0	108.0	32.0	1.0	206.0	37.0	94.0	4.0	42.0	123.0	63.0	169.0	77.0	271.0	140.0	161.0	71.0	11.0	5.0	372.0	26.0	379.0	232.0	39.0	11.0	30.0	204.0	146.0	186.0	1097.0	5.0	43.0	261.0	30.0	243.0	90.0	7.0	58.0	37.0	96.0	26.0	1087.0	48.0	59.0	632.0	431.0	47.0	1611.0	109.0	23.0	136.0	17.0	225.0	82.0	72.0	86.0	33.0	214.0	32.0	120.0	233.0	54.0	201.0	129.0	25.0	9.0	225.0	7.0	52.0	91.0	55.0	8.0	66.0	23.0	60.0	109.0	52.0	11.0	33.0	NaN	85.0	6.0	109.0	108.0	42.0	132.0	114.0	506.0	67.0	NaN	35.0	4.0	32.0	19.0	810.0	7.0	15.0	49.0	783.0	1.0	6.0	1483.0	4.0	8.0	280.0	314.0	153.0	132.0	160.0	4.0	79.0	197.0	494.0	132.0	105.0	33.0	2.0	194.0	1058.0	124.0	7.0	27.0	517.0	NaN	62.0	565.0	171.0	7.0	43.0	71.0	NaN	414.0	52.0	30.0	28.0	30.0	28.0	349.0	108.0	263.0	1.0	23.0	NaN	283.0	306.0	28.0	8.0	6.0	61.0	51.0	499.0	383.0	348.0	761.0	16.0	126.0	318.0	794.0	3.0	11.0	40.0	1.0	188.0	162.0	29.0	3.0	19.0	154.0	59.0	6.0	13.0	38.0	9.0	7.0	10.0	53.0	14.0	84.0	125.0	NaN	41.0	438.0	2.0	79.0	26.0	37.0	82.0	2.0	3.0	133.0	2.0	376.0	106.0	200.0	68.0	147.0	49.0	115.0	43.0	286.0	216.0	43.0	388.0	25.0	177.0	18.0	68.0	131.0	108.0	194.0	1887.0	101.0	89.0	105.0	230.0	1.0	225.0	36.0	51.0	27.0	960.0	681.0	138.0	245.0	355.0	92.0	217.0	143.0	12.0	65.0	287.0	297.0	747.0	29.0	145.0	315.0	404.0	209.0	39.0	207.0	10.0	551.0	125.0	697.0	127.0	76.0	81.0	NaN	3.0
*	142.0	75.0	NaN	180.0	2.0	30.0	NaN	148.0	193.0	NaN	69.0	NaN	1.0	NaN	NaN	677.0	NaN	NaN	75.0	NaN	NaN	NaN	266.0	NaN	116.0	173.0	86.0	NaN	NaN	NaN	48.0	1.0	NaN	229.0	30.0	NaN	1.0	NaN	212.0	88.0	NaN	NaN	NaN	NaN	NaN	1.0	2.0	NaN	NaN	66.0	168.0	204.0	267.0	NaN	82.0	NaN	15.0	NaN	NaN	278.0	279.0	NaN	NaN	21.0	NaN	24.0	NaN	188.0	NaN	102.0	NaN	122.0	62.0	1.0	NaN	NaN	NaN	NaN	519.0	NaN	136.0	350.0	NaN	44.0	NaN	157.0	50.0	NaN	NaN	NaN	480.0	NaN	1256.0	NaN	NaN	325.0	NaN	47.0	14.0	1093.0	3336.0	NaN	NaN	NaN	NaN	1549.0	NaN	365.0	NaN	48.0	70.0	142.0	140.0	470.0	NaN	NaN	1.0	390.0	NaN	NaN	137.0	NaN	NaN	NaN	38.0	NaN	44.0	1.0	522.0	20.0	NaN	147.0	NaN	NaN	NaN	553.0	2.0	105.0	44.0	NaN	35.0	39.0	1.0	NaN	NaN	NaN	12.0	NaN	NaN	2.0	50.0	67.0	66.0	346.0	NaN	NaN	NaN	NaN	40.0	NaN	107.0	6.0	NaN	NaN	NaN	332.0	NaN	182.0	NaN	253.0	101.0	331.0	354.0	NaN	1.0	191.0	50.0	NaN	NaN	NaN	NaN	NaN	NaN	55.0	NaN	160.0	256.0	484.0	NaN	83.0	104.0	1.0	NaN	103.0	33.0	NaN	68.0	145.0	NaN	NaN	185.0	1.0	NaN	214.0	NaN	120.0	683.0	NaN	82.0	NaN	NaN	NaN	1.0	NaN	216.0	NaN	NaN	97.0	NaN	326.0	66.0	NaN	182.0	56.0	1.0	52.0	NaN	NaN	NaN	NaN	137.0	NaN	NaN	166.0	101.0	63.0	53.0	NaN	44.0	NaN	6.0	NaN	147.0	NaN	33.0	752.0	NaN	NaN	NaN	69.0	NaN	NaN	NaN	583.0	1.0	1.0	NaN	82.0	1.0	NaN	1.0	NaN	NaN	NaN	NaN	NaN	251.0	175.0	NaN	135.0	NaN	347.0	1.0	NaN	57.0	NaN	419.0	3.0	NaN	10.0	NaN	NaN	27.0	1.0	NaN	159.0	55.0	NaN	2.0	NaN	NaN	NaN	72.0	NaN	NaN	NaN	NaN	96.0	69.0	40.0	385.0	NaN	79.0	55.0	69.0	40.0	NaN	73.0	NaN	NaN	NaN	109.0	143.0	NaN	NaN	NaN	2.0	509.0	231.0	218.0	NaN	NaN	NaN	129.0	NaN	NaN	1.0	NaN	17.0	NaN	40.0	238.0	NaN	10.0	NaN	NaN	NaN	156.0	116.0	NaN	NaN	NaN	28.0	1.0	341.0	254.0	68.0	NaN	182.0	NaN	NaN	NaN	282.0	3.0	7.0	300.0	NaN	NaN	63.0	220.0	4.0	3.0	212.0	NaN	NaN	25.0	NaN	52.0	NaN	44.0	NaN	NaN	NaN	58.0	NaN	NaN	202.0	NaN	183.0	181.0	110.0	1.0	NaN	NaN	NaN	533.0	1.0	NaN	13.0	15.0	85.0	29.0	NaN	188.0	182.0	NaN	949.0	242.0	68.0	NaN	382.0	373.0	NaN	10.0	NaN	92.0	NaN	306.0	583.0	NaN	NaN	NaN	23.0	NaN	NaN	84.0	222.0	NaN	NaN	83.0	43.0	241.0	NaN	85.0	NaN	141.0	2.0	NaN	54.0	NaN	NaN	1.0	NaN	206.0	476.0	NaN	124.0	12.0	NaN	1.0	99.0	31.0	NaN	NaN	1.0	57.0	73.0	NaN	NaN	118.0	NaN	43.0	NaN	NaN	156.0	NaN	NaN	NaN	207.0	NaN	11.0	43.0	NaN	NaN	NaN	NaN	NaN	NaN	148.0	NaN	NaN	NaN	159.0	388.0	1.0	NaN	215.0	NaN	NaN	NaN	62.0	91.0	23.0	16.0	6.0	NaN	NaN	216.0	1.0	NaN	NaN	21.0	NaN	281.0	NaN
	NaN	247.0	431.0	NaN	2.0	108.0	119.0	128.0	NaN	176.0	279.0	380.0	208.0	150.0	436.0	NaN	76.0	456.0	349.0	358.0	NaN	378.0	NaN	94.0	221.0	NaN	20.0	35.0	NaN	NaN	38.0	35.0	63.0	366.0	75.0	132.0	403.0	NaN	NaN	114.0	NaN	178.0	153.0	292.0	NaN	67.0	NaN	47.0	77.0	313.0	132.0	54.0	116.0	NaN	157.0	287.0	38.0	129.0	376.0	NaN	2.0	486.0	NaN	44.0	353.0	34.0	195.0	66.0	NaN	NaN	307.0	NaN	231.0	1.0	443.0	NaN	62.0	NaN	156.0	NaN	154.0	NaN	81.0	26.0	NaN	56.0	435.0	15.0	31.0	102.0	NaN	NaN	48.0	118.0	2.0	575.0	88.0	205.0	NaN	NaN	1647.0	150.0	NaN	631.0	322.0	57.0	177.0	NaN	NaN	125.0	83.0	6.0	3.0	175.0	13.0	NaN	NaN	NaN	60.0	NaN	NaN	343.0	NaN	NaN	35.0	135.0	197.0	NaN	48.0	NaN	205.0	74.0	118.0	42.0	NaN	NaN	NaN	NaN	233.0	NaN	14.0	NaN	NaN	99.0	280.0	59.0	NaN	49.0	NaN	6.0	37.0	25.0	99.0	37.0	NaN	NaN	14.0	NaN	28.0	1.0	20.0	151.0	88.0	NaN	5.0	508.0	NaN	NaN	414.0	392.0	NaN	115.0	NaN	245.0	NaN	NaN	NaN	NaN	44.0	21.0	56.0	NaN	NaN	NaN	378.0	NaN	335.0	55.0	NaN	148.0	NaN	313.0	118.0	54.0	10.0	77.0	197.0	NaN	NaN	17.0	NaN	NaN	NaN	NaN	10.0	NaN	NaN	121.0	596.0	101.0	NaN	NaN	456.0	NaN	237.0	21.0	23.0	242.0	NaN	NaN	97.0	63.0	110.0	110.0	161.0	NaN	106.0	463.0	NaN	212.0	41.0	NaN	7.0	NaN	204.0	57.0	62.0	60.0	82.0	132.0	1.0	66.0	NaN	236.0	NaN	NaN	NaN	11.0	9.0	324.0	440.0	NaN	NaN	303.0	3.0	44.0	NaN	47.0	100.0	45.0	NaN	35.0	NaN	NaN	36.0	NaN	1.0	379.0	501.0	392.0	2.0	55.0	286.0	62.0	25.0	223.0	129.0	28.0	42.0	NaN	120.0	49.0	NaN	292.0	145.0	34.0	143.0	336.0	542.0	96.0	37.0	67.0	853.0	497.0	NaN	NaN	NaN	NaN	371.0	NaN	NaN	404.0	NaN	NaN	41.0	142.0	90.0	247.0	355.0	45.0	386.0	NaN	225.0	20.0	NaN	NaN	275.0	778.0	3.0	34.0	87.0	372.0	NaN	NaN	656.0	NaN	40.0	NaN	NaN	162.0	354.0	NaN	66.0	44.0	223.0	NaN	NaN	399.0	206.0	13.0	31.0	NaN	20.0	205.0	NaN	NaN	NaN	172.0	NaN	30.0	128.0	61.0	NaN	NaN	NaN	95.0	NaN	27.0	53.0	NaN	24.0	203.0	68.0	NaN	89.0	NaN	125.0	113.0	32.0	NaN	77.0	70.0	16.0	53.0	257.0	21.0	28.0	NaN	22.0	NaN	150.0	35.0	230.0	NaN	71.0	NaN	1481.0	9.0	21.0	530.0	NaN	79.0	NaN	NaN	405.0	NaN	38.0	299.0	686.0	56.0	NaN	NaN	1.0	65.0	NaN	35.0	NaN	363.0	318.0	1.0	48.0	10.0	NaN	123.0	NaN	192.0	40.0	36.0	NaN	310.0	NaN	54.0	NaN	36.0	40.0	812.0	422.0	459.0	378.0	NaN	NaN	NaN	1.0	NaN	331.0	65.0	418.0	1.0	NaN	144.0	416.0	211.0	395.0	115.0	122.0	198.0	118.0	54.0	388.0	120.0	NaN	91.0	27.0	131.0	24.0	71.0	1887.0	NaN	NaN	NaN	88.0	NaN	90.0	NaN	309.0	NaN	65.0	681.0	NaN	757.0	355.0	39.0	217.0	NaN	94.0	NaN	34.0	211.0	218.0	14.0	43.0	105.0	213.0	210.0	49.0	NaN	168.0	NaN	188.0	697.0	128.0	33.0	57.0	281.0	NaN
